-- phpMyAdmin SQL Dump
-- version 5.0.2
-- https://www.phpmyadmin.net/
--
-- Host: 127.0.0.1:3306
-- Generation Time: Mar 18, 2023 at 02:46 AM
-- Server version: 5.7.31
-- PHP Version: 7.3.21

SET SQL_MODE = "NO_AUTO_VALUE_ON_ZERO";
START TRANSACTION;
SET time_zone = "+00:00";


/*!40101 SET @OLD_CHARACTER_SET_CLIENT=@@CHARACTER_SET_CLIENT */;
/*!40101 SET @OLD_CHARACTER_SET_RESULTS=@@CHARACTER_SET_RESULTS */;
/*!40101 SET @OLD_COLLATION_CONNECTION=@@COLLATION_CONNECTION */;
/*!40101 SET NAMES utf8mb4 */;

--
-- Database: `decentralization`
--

-- --------------------------------------------------------

--
-- Table structure for table `category`
--

DROP TABLE IF EXISTS `category`;
CREATE TABLE IF NOT EXISTS `category` (
  `id` int(11) NOT NULL AUTO_INCREMENT,
  `name` varchar(255) DEFAULT NULL,
  `slug` varchar(255) DEFAULT NULL,
  `status` varchar(255) DEFAULT NULL,
  `createdAt` datetime NOT NULL DEFAULT CURRENT_TIMESTAMP,
  `updatedAt` datetime NOT NULL DEFAULT CURRENT_TIMESTAMP ON UPDATE CURRENT_TIMESTAMP,
  PRIMARY KEY (`id`)
) ENGINE=InnoDB AUTO_INCREMENT=12 DEFAULT CHARSET=utf8;

--
-- Dumping data for table `category`
--

INSERT INTO `category` (`id`, `name`, `slug`, `status`, `createdAt`, `updatedAt`) VALUES
(3, 'Quan điểm tranh luận', 'quan_diem_tranh_luan', NULL, '2022-11-27 08:46:07', '2022-11-28 14:39:48'),
(8, 'Truyền thông', 'Truyen_thong', NULL, '2022-11-29 14:27:05', '2022-11-29 14:27:05'),
(9, 'Xu hướng cuộc sống', 'Xu_huong_cuoc_song', NULL, '2022-11-29 14:27:05', '2022-11-29 14:27:05'),
(10, 'Điện ảnh', 'DJien_anh', NULL, '2022-11-29 14:27:05', '2022-11-29 14:27:05'),
(11, 'Phát triển bản thân', 'Phat_trien_ban_than', NULL, '2022-11-29 14:31:01', '2022-11-29 14:31:01');

-- --------------------------------------------------------

--
-- Table structure for table `group`
--

DROP TABLE IF EXISTS `group`;
CREATE TABLE IF NOT EXISTS `group` (
  `id` int(11) NOT NULL AUTO_INCREMENT,
  `name` varchar(255) DEFAULT NULL,
  `desc` varchar(255) DEFAULT NULL,
  `createdAt` datetime NOT NULL DEFAULT CURRENT_TIMESTAMP,
  `updatedAt` datetime NOT NULL DEFAULT CURRENT_TIMESTAMP ON UPDATE CURRENT_TIMESTAMP,
  PRIMARY KEY (`id`)
) ENGINE=InnoDB AUTO_INCREMENT=7 DEFAULT CHARSET=utf8;

--
-- Dumping data for table `group`
--

INSERT INTO `group` (`id`, `name`, `desc`, `createdAt`, `updatedAt`) VALUES
(1, 'Dev', 'Developer', '2022-11-18 15:22:32', '2022-11-21 19:46:19'),
(2, 'Leader', 'Leader', '2022-11-21 19:45:40', '2022-11-21 19:45:40'),
(3, 'Customer', 'Our customer', '2022-11-21 19:45:40', '2022-11-21 19:45:40'),
(4, 'Guest', 'View only', '2022-11-23 18:55:41', '2022-11-26 20:21:52'),
(5, 'Tester', 'Test', '2022-11-26 15:57:09', '2022-11-26 22:57:50'),
(6, 'Writer', 'Người viết bài', '2022-12-02 12:33:30', '2022-12-02 12:33:30');

-- --------------------------------------------------------

--
-- Table structure for table `group_role`
--

DROP TABLE IF EXISTS `group_role`;
CREATE TABLE IF NOT EXISTS `group_role` (
  `id` int(11) NOT NULL AUTO_INCREMENT,
  `roleID` int(11) DEFAULT NULL,
  `groupID` int(11) DEFAULT NULL,
  `createdAt` datetime NOT NULL DEFAULT CURRENT_TIMESTAMP,
  `updatedAt` datetime NOT NULL DEFAULT CURRENT_TIMESTAMP ON UPDATE CURRENT_TIMESTAMP,
  PRIMARY KEY (`id`),
  KEY `groupID` (`groupID`),
  KEY `roleID` (`roleID`)
) ENGINE=InnoDB AUTO_INCREMENT=176 DEFAULT CHARSET=utf8;

--
-- Dumping data for table `group_role`
--

INSERT INTO `group_role` (`id`, `roleID`, `groupID`, `createdAt`, `updatedAt`) VALUES
(47, 11, 2, '2022-11-26 10:18:10', '2022-11-26 10:18:10'),
(48, 7, 2, '2022-11-26 10:18:10', '2022-11-26 10:18:10'),
(49, 5, 2, '2022-11-26 10:18:10', '2022-11-26 10:18:10'),
(50, 1, 2, '2022-11-26 10:18:10', '2022-11-26 10:18:10'),
(117, 4, 5, '2022-11-26 15:57:09', '2022-11-26 22:57:57'),
(118, 3, 5, '2022-11-26 15:57:09', '2022-11-26 22:57:59'),
(119, 1, 5, '2022-11-26 15:57:09', '2022-11-26 22:58:02'),
(122, 14, 1, '2022-12-02 04:18:44', '2022-12-02 04:18:44'),
(123, 13, 1, '2022-12-02 04:18:44', '2022-12-02 04:18:44'),
(124, 12, 1, '2022-12-02 04:18:44', '2022-12-02 04:18:44'),
(125, 11, 1, '2022-12-02 04:18:44', '2022-12-02 04:18:44'),
(126, 10, 1, '2022-12-02 04:18:44', '2022-12-02 04:18:44'),
(127, 9, 1, '2022-12-02 04:18:44', '2022-12-02 04:18:44'),
(128, 8, 1, '2022-12-02 04:18:44', '2022-12-02 04:18:44'),
(129, 7, 1, '2022-12-02 04:18:44', '2022-12-02 04:18:44'),
(130, 6, 1, '2022-12-02 04:18:44', '2022-12-02 04:18:44'),
(131, 5, 1, '2022-12-02 04:18:44', '2022-12-02 04:18:44'),
(132, 4, 1, '2022-12-02 04:18:44', '2022-12-02 04:18:44'),
(133, 3, 1, '2022-12-02 04:18:44', '2022-12-02 04:18:44'),
(134, 2, 1, '2022-12-02 04:18:44', '2022-12-02 04:18:44'),
(135, 1, 1, '2022-12-02 04:18:44', '2022-12-02 04:18:44'),
(136, 27, 1, '2022-12-02 04:30:32', '2022-12-02 04:30:32'),
(138, 29, 1, '2022-12-02 04:31:38', '2022-12-02 04:31:38'),
(139, 30, 1, '2022-12-02 04:31:38', '2022-12-02 04:31:38'),
(164, 30, 6, '2022-12-03 13:21:03', '2022-12-03 13:21:03'),
(165, 29, 6, '2022-12-03 13:21:03', '2022-12-03 13:21:03'),
(166, 27, 6, '2022-12-03 13:21:03', '2022-12-03 13:21:03'),
(167, 14, 6, '2022-12-03 13:21:03', '2022-12-03 13:21:03'),
(168, 13, 6, '2022-12-03 13:21:03', '2022-12-03 13:21:03'),
(171, 27, 3, '2022-12-04 03:36:00', '2022-12-04 03:36:00'),
(172, 13, 3, '2022-12-04 03:36:00', '2022-12-04 03:36:00'),
(173, 33, 1, '2022-12-04 07:15:32', '2022-12-04 07:15:32'),
(174, 27, 4, '2022-12-14 12:06:27', '2022-12-14 12:06:27'),
(175, 13, 4, '2022-12-14 12:06:27', '2022-12-14 12:06:27');

-- --------------------------------------------------------

--
-- Table structure for table `post`
--

DROP TABLE IF EXISTS `post`;
CREATE TABLE IF NOT EXISTS `post` (
  `postID` int(11) NOT NULL AUTO_INCREMENT,
  `name` varchar(255) DEFAULT NULL,
  `slug` varchar(255) DEFAULT NULL,
  `photoURL` varchar(3000) DEFAULT NULL,
  `publicID` varchar(255) DEFAULT NULL,
  `hot` tinyint(1) DEFAULT NULL,
  `status` varchar(255) DEFAULT NULL,
  `content` varchar(15000) DEFAULT NULL,
  `createdAt` datetime NOT NULL DEFAULT CURRENT_TIMESTAMP,
  `updatedAt` datetime NOT NULL DEFAULT CURRENT_TIMESTAMP ON UPDATE CURRENT_TIMESTAMP,
  `userID` int(11) DEFAULT NULL,
  `categoryID` int(11) DEFAULT NULL,
  `id` int(11) DEFAULT NULL,
  PRIMARY KEY (`postID`),
  KEY `categoryID` (`categoryID`),
  KEY `userID` (`userID`)
) ENGINE=InnoDB AUTO_INCREMENT=41 DEFAULT CHARSET=utf8;

--
-- Dumping data for table `post`
--

INSERT INTO `post` (`postID`, `name`, `slug`, `photoURL`, `publicID`, `hot`, `status`, `content`, `createdAt`, `updatedAt`, `userID`, `categoryID`, `id`) VALUES
(22, 'Từ thiện - Lòng tốt là khi chúng ta nhìn thấy mình trong người khác', 'Tu-thien-Long-tot-la-khi-chung-ta-nhin-thay-minh-trong-nguoi-khac', 'http://res.cloudinary.com/dwkckmmr7/image/upload/v1670995626/foo/xigsdjsrds2uxqcog86g.jpg', 'foo/xigsdjsrds2uxqcog86g', 1, 'ACTIVE', '<p><span style=\"color: rgb(117, 117, 117);\">“Sống tốt” hay “hướng thiện” thường xuất hiện trong mệnh đề với hàm ý khuyến khích, cổ vũ một người hay nhóm hành động hướng tới cá nhân hoặc tập thể khác, có thể dưới dạng “giúp đỡ” hoặc “cho đi.\"</span></p><p><img src=\"https://i.ibb.co/X8YnfpR/socialcapital-2.jpg\"></p><p>Trong nhiều trường hợp, từ thiện xuất phát từ việc ta và người được “giúp” khác nhau, khác đến mức ta cần phải “cho đi” để họ giống mình.</p><p>Tuy nhiên, nếu khởi đầu từ việc chúng ta nhận ra sự giống nhau giữa mình và những người khác, lòng tốt sẽ trở nên bền vững hơn.</p><h2>Từ thiện - cho mình và cho người khác</h2><p>Trong “từ thiện”, “từ” là lòng yêu thương với con người xuất phát từ bên trong, “thiện” là việc tốt có tác động đến đời sống của người khác. Là chủ đích của chúng tôi khi mượn đến lối chơi chữ, từ thiện cần những khoảnh khắc từ từ chứ không phải lúc nào cũng vội vàng và nhanh chóng.</p><p>Không những vậy, để từ lòng tốt của bản thân đến quyết định hành động giúp đỡ cá nhân hay cộng đồng khác, chỉ lòng thương cảm hay sự nhân từ là chưa đủ.</p><p>Khi ta cho, liệu có đúng ta chỉ cho đi mà không nhận lại? Hay nói cách khác, khi làm việc tốt, liệu có phải và có nên chỉ làm cho người khác và vì người khác?</p><p>Câu trả lời có lẽ là không, bởi lẽ trong câu chuyện và vấn đề của người khác, ta luôn hiện diện. Dù bạn có tin hay không, chúng ta giống nhau nhiều hơn chúng ta nghĩ.</p><p>Hãy bắt đầu từ một vấn đề có lẽ không ai trong chúng ta đến giờ chưa từng nghe đến, ô nhiễm môi trường. Liệu cục diện của nó có khác đi không nếu chúng ta đã từng thử chậm lại và tiếp thu với sự tôn trọng và học hỏi những quan niệm và luật tục của một số cộng đồng dân tộc thiểu số như người Thái, Ede, Pa Cô (Pakoh) với rừng, khi với họ, cây cỏ có linh hồn, nhiều khu vực rừng có tính thiêng.</p><p>Trong toạ đàm&nbsp;<em>Cuộc gặp của các diễn ngôn tổ chức bởi iSEE</em>, chúng tôi cùng đồng ý về sự khiêm nhường của các cộng đồng bản địa trước rừng, không tùy tiện chặt phá, chưa kể đến việc phá hủy hàng loạt nhân danh phát triển hay hiện đại.</p><p>Nhưng trong nhiều trường hợp, những triết lý đó lại bị chê bai và phê phán là “lạc hậu”, “kém phát triển.”</p><p>Ví dụ, canh tác nương rẫy là một mô hình sản xuất nông nghiệp phổ biến của các tộc người thiểu số ở Việt Nam cũng như ở khu vực Đông Nam Á.</p><p>Nếu xem xét kỹ quy trình kỹ thuật và các đặc trưng cơ bản của hình thức canh tác này, nương rẫy có thể được coi là một trong những loại hình nông nghiệp giúp con người thích ứng nhất với điều kiện tự nhiên miền núi, đưa lại hiệu quả kinh tế cao và ít ảnh hưởng đến môi trường tự nhiên.</p><p>Theo tập quán, khi một mảnh nương bắt đầu bạc màu, người dân sẽ bỏ hóa nó trong một khoảng thời gian từ 5 đến 10 năm và chuyển sang canh tác ở khu vực khác thuộc ranh giới của cộng đồng.</p><p>Đây được xem là một cách để cho đất được “nghỉ ngơi” thay vì liên tục khai thác trên một mảnh đất. Các mảnh nương cũ, sau thời kỳ bỏ hóa để rừng tái sinh và đất màu mỡ trở lại, sẽ được đưa vào canh tác nhằm thay thế cho các mảnh nương khác đã bạc màu.</p><p><img src=\"https://i.ibb.co/K7jqNgn/3-768x430.jpg\"></p><p>Trong bối cảnh tự nhiên của vùng khí hậu nhiệt đới, kỹ thuật như vậy không để lại nhiều tác động tiêu cực cho môi trường sinh thái tự nhiên (theo sách Đa dạng văn hoá: Bài học từ những câu chuyện).</p><p>Tuy nhiên, cách canh tác này thường bị đánh giá là không kinh tế trong so sánh với mô hình canh tác lúa nước. Kỹ thuật phát đốt được coi là hoạt động gây ảnh hưởng đến môi trường.</p><p>Thêm vào đó, các cư dân canh tác nương rẫy thường được nhìn nhận là những cộng đồng du canh du cư, nay đây mai đó, xã hội không ổn định. Thậm chí, nhiều người còn coi canh tác nương rẫy là một trong những ‘tàn dư’ của loại hình kinh tế ‘nguyên thủy’ nhất của loài người.</p><p>Nếu khi ấy nhìn thấy một tương lai nơi thiên nhiên bị khai thác đến cùng cực, nơi chúng ta và những đứa con của mình mỗi hơi hít vào là hàng triệu hạt bụi mịn, có lẽ chúng ta đã chậm lại để nhìn những thực hành như canh tác nương rẫy bằng một lăng kính khác.</p><p>Những triết lý và tri thức ấy bị phê phán giống y như cái cách một cái cây trong rừng ngã xuống một cách nhẹ nhàng. Tri thức bản địa bị dán nhãn “lạc hậu” và dần bị lãng quên, một cái cây và rồi hàng trăm nghìn héc ta rừng biến mất. Tất cả xảy ra phần nào vì ta cứ “hồn nhiên” nghĩ, hẳn đó là vấn đề của người khác.</p><p>Liệu hiện thực có khác đi không nếu vào khoảnh khắc phê phán hay quyết định can thiệp vào thực hành của các dân tộc ấy, ta nhìn thấy quá khứ, hiện tại và tương lai của mình trong những đôi mắt và cánh rừng của họ?</p><p>“Chúng ta” và “người khác,” những nhóm hay cộng đồng ta nghĩ mình không thuộc về và sẽ chẳng bao giờ liên quan như LGBTI+, người khuyết tật, người di cư, người dân tộc thiểu số thật ra không cách xa nhau đến thế.</p><p>“Họ” có thể là người thân, bạn bè, hàng xóm, đồng nghiệp của bạn. Cho dù là người lạ, tính cố hữu của sự không lường trước được trong cuộc đời cũng mở rộng cánh cửa để họ bước vào cuộc sống của bạn bất kỳ lúc nào.</p><p>Không chỉ là giữa những nhóm thiểu số, chúng tôi cũng tin rằng vấn đề của bất kỳ nhóm nào cũng là vấn đề của tất cả chúng ta, dù là đa số hay thiểu số, dù bạn có thuộc cộng đồng đó hay không.</p><h2>Từ “từ” còn lâu mới đến “thiện”</h2><p>Thiện nguyện (philanthropy) là các từ có nguồn gốc từ tiếng Hy Lạp, có nghĩa là “tình yêu con người/nhân loại - love of people/humanity.”</p><p>Như vậy, gốc rễ của các từ này làm cho chúng ta nghĩ đến mục đích của các tổ chức thiện nguyện và hành vi thiện nguyện là thể hiện tình yêu con người thông qua các hành động tốt.</p><p>Khi làm việc tốt, ta nghĩ lòng tốt hay sự hướng thiện của mình đến một cách thật tự nhiên và luôn đẹp đẽ, vì tình yêu thì có mấy ai chất vấn.</p><p>Mong muốn làm việc tốt trong nhiều trường hợp, là xuất phát điểm rất trong sáng của những hành động từ nhỏ nhất như cho tiền người ăn xin ở ngã tư đèn đỏ, cho đến những công việc vĩ mô như hoạch định một chính sách mới.</p><p>Nhưng có thật là việc và cái cách chúng ta “cho” đi không hề can hệ và ảnh hưởng gì đến bản thân mình? “Cho đi không cần nhận lại”, “làm việc tốt đi có chi cần nghĩ suy” - những thông điệp nghe có vẻ hợp tình hợp lý ấy có thể trở nên nguy hại khi củng cố cho việc không nhìn thấy mối liên hệ giữa mình với vấn đề của người khác.</p>', '2022-11-29 14:58:01', '2022-12-14 05:27:06', 16, 8, NULL),
(24, 'Được và mất khi dùng Máy Đọc Sách', 'DJuoc-va-mat-khi-dung-May-DJoc-Sach', 'http://res.cloudinary.com/dwkckmmr7/image/upload/v1669950153/foo/nxo2nr041h3p7qecarsi.jpg', 'foo/nxo2nr041h3p7qecarsi', 1, 'ACTIVE', '<p><span style=\"color: rgb(117, 117, 117);\">“Sống tốt” hay “hướng thiện” thường xuất hiện trong mệnh đề với hàm ý khuyến khích, cổ vũ một người hay nhóm hành động hướng tới cá nhân hoặc tập thể khác, có thể dưới dạng “giúp đỡ” hoặc “cho đi.\"</span></p><p><img src=\"https://i.ibb.co/X8YnfpR/socialcapital-2.jpg\"></p><p>Trong nhiều trường hợp, từ thiện xuất phát từ việc ta và người được “giúp” khác nhau, khác đến mức ta cần phải “cho đi” để họ giống mình.</p><p>Tuy nhiên, nếu khởi đầu từ việc chúng ta nhận ra sự giống nhau giữa mình và những người khác, lòng tốt sẽ trở nên bền vững hơn.</p><h2>Từ thiện - cho mình và cho người khác</h2><p>Trong “từ thiện”, “từ” là lòng yêu thương với con người xuất phát từ bên trong, “thiện” là việc tốt có tác động đến đời sống của người khác. Là chủ đích của chúng tôi khi mượn đến lối chơi chữ, từ thiện cần những khoảnh khắc từ từ chứ không phải lúc nào cũng vội vàng và nhanh chóng.</p><p>Không những vậy, để từ lòng tốt của bản thân đến quyết định hành động giúp đỡ cá nhân hay cộng đồng khác, chỉ lòng thương cảm hay sự nhân từ là chưa đủ.</p><p>Khi ta cho, liệu có đúng ta chỉ cho đi mà không nhận lại? Hay nói cách khác, khi làm việc tốt, liệu có phải và có nên chỉ làm cho người khác và vì người khác?</p><p>Câu trả lời có lẽ là không, bởi lẽ trong câu chuyện và vấn đề của người khác, ta luôn hiện diện. Dù bạn có tin hay không, chúng ta giống nhau nhiều hơn chúng ta nghĩ.</p><p>Hãy bắt đầu từ một vấn đề có lẽ không ai trong chúng ta đến giờ chưa từng nghe đến, ô nhiễm môi trường. Liệu cục diện của nó có khác đi không nếu chúng ta đã từng thử chậm lại và tiếp thu với sự tôn trọng và học hỏi những quan niệm và luật tục của một số cộng đồng dân tộc thiểu số như người Thái, Ede, Pa Cô (Pakoh) với rừng, khi với họ, cây cỏ có linh hồn, nhiều khu vực rừng có tính thiêng.</p><p>Trong toạ đàm&nbsp;<em>Cuộc gặp của các diễn ngôn tổ chức bởi iSEE</em>, chúng tôi cùng đồng ý về sự khiêm nhường của các cộng đồng bản địa trước rừng, không tùy tiện chặt phá, chưa kể đến việc phá hủy hàng loạt nhân danh phát triển hay hiện đại.</p><p>Nhưng trong nhiều trường hợp, những triết lý đó lại bị chê bai và phê phán là “lạc hậu”, “kém phát triển.”</p><p>Ví dụ, canh tác nương rẫy là một mô hình sản xuất nông nghiệp phổ biến của các tộc người thiểu số ở Việt Nam cũng như ở khu vực Đông Nam Á.</p><p>Nếu xem xét kỹ quy trình kỹ thuật và các đặc trưng cơ bản của hình thức canh tác này, nương rẫy có thể được coi là một trong những loại hình nông nghiệp giúp con người thích ứng nhất với điều kiện tự nhiên miền núi, đưa lại hiệu quả kinh tế cao và ít ảnh hưởng đến môi trường tự nhiên.</p><p>Theo tập quán, khi một mảnh nương bắt đầu bạc màu, người dân sẽ bỏ hóa nó trong một khoảng thời gian từ 5 đến 10 năm và chuyển sang canh tác ở khu vực khác thuộc ranh giới của cộng đồng.</p><p>Đây được xem là một cách để cho đất được “nghỉ ngơi” thay vì liên tục khai thác trên một mảnh đất. Các mảnh nương cũ, sau thời kỳ bỏ hóa để rừng tái sinh và đất màu mỡ trở lại, sẽ được đưa vào canh tác nhằm thay thế cho các mảnh nương khác đã bạc màu.</p><p><img src=\"https://i.ibb.co/K7jqNgn/3-768x430.jpg\"></p><p>Trong bối cảnh tự nhiên của vùng khí hậu nhiệt đới, kỹ thuật như vậy không để lại nhiều tác động tiêu cực cho môi trường sinh thái tự nhiên (theo sách Đa dạng văn hoá: Bài học từ những câu chuyện).</p><p>Tuy nhiên, cách canh tác này thường bị đánh giá là không kinh tế trong so sánh với mô hình canh tác lúa nước. Kỹ thuật phát đốt được coi là hoạt động gây ảnh hưởng đến môi trường.</p><p>Thêm vào đó, các cư dân canh tác nương rẫy thường được nhìn nhận là những cộng đồng du canh du cư, nay đây mai đó, xã hội không ổn định. Thậm chí, nhiều người còn coi canh tác nương rẫy là một trong những ‘tàn dư’ của loại hình kinh tế ‘nguyên thủy’ nhất của loài người.</p><p>Nếu khi ấy nhìn thấy một tương lai nơi thiên nhiên bị khai thác đến cùng cực, nơi chúng ta và những đứa con của mình mỗi hơi hít vào là hàng triệu hạt bụi mịn, có lẽ chúng ta đã chậm lại để nhìn những thực hành như canh tác nương rẫy bằng một lăng kính khác.</p><p>Những triết lý và tri thức ấy bị phê phán giống y như cái cách một cái cây trong rừng ngã xuống một cách nhẹ nhàng. Tri thức bản địa bị dán nhãn “lạc hậu” và dần bị lãng quên, một cái cây và rồi hàng trăm nghìn héc ta rừng biến mất. Tất cả xảy ra phần nào vì ta cứ “hồn nhiên” nghĩ, hẳn đó là vấn đề của người khác.</p><p>Liệu hiện thực có khác đi không nếu vào khoảnh khắc phê phán hay quyết định can thiệp vào thực hành của các dân tộc ấy, ta nhìn thấy quá khứ, hiện tại và tương lai của mình trong những đôi mắt và cánh rừng của họ?</p><p>“Chúng ta” và “người khác,” những nhóm hay cộng đồng ta nghĩ mình không thuộc về và sẽ chẳng bao giờ liên quan như LGBTI+, người khuyết tật, người di cư, người dân tộc thiểu số thật ra không cách xa nhau đến thế.</p><p>“Họ” có thể là người thân, bạn bè, hàng xóm, đồng nghiệp của bạn. Cho dù là người lạ, tính cố hữu của sự không lường trước được trong cuộc đời cũng mở rộng cánh cửa để họ bước vào cuộc sống của bạn bất kỳ lúc nào.</p><p>Không chỉ là giữa những nhóm thiểu số, chúng tôi cũng tin rằng vấn đề của bất kỳ nhóm nào cũng là vấn đề của tất cả chúng ta, dù là đa số hay thiểu số, dù bạn có thuộc cộng đồng đó hay không.</p><h2>Từ “từ” còn lâu mới đến “thiện”</h2><p>Thiện nguyện (philanthropy) là các từ có nguồn gốc từ tiếng Hy Lạp, có nghĩa là “tình yêu con người/nhân loại - love of people/humanity.”</p><p>Như vậy, gốc rễ của các từ này làm cho chúng ta nghĩ đến mục đích của các tổ chức thiện nguyện và hành vi thiện nguyện là thể hiện tình yêu con người thông qua các hành động tốt.</p><p>Khi làm việc tốt, ta nghĩ lòng tốt hay sự hướng thiện của mình đến một cách thật tự nhiên và luôn đẹp đẽ, vì tình yêu thì có mấy ai chất vấn.</p><p>Mong muốn làm việc tốt trong nhiều trường hợp, là xuất phát điểm rất trong sáng của những hành động từ nhỏ nhất như cho tiền người ăn xin ở ngã tư đèn đỏ, cho đến những công việc vĩ mô như hoạch định một chính sách mới.</p><p>Nhưng có thật là việc và cái cách chúng ta “cho” đi không hề can hệ và ảnh hưởng gì đến bản thân mình? “Cho đi không cần nhận lại”, “làm việc tốt đi có chi cần nghĩ suy” - những thông điệp nghe có vẻ hợp tình hợp lý ấy có thể trở nên nguy hại khi củng cố cho việc không nhìn thấy mối liên hệ giữa mình với vấn đề của người khác.</p>', '2022-11-30 09:02:53', '2022-12-02 03:02:34', 16, 3, NULL),
(25, 'Nuôi mầm khoan dung trong trường học', 'Nuoi-mam-khoan-dung-trong-truong-hoc', 'http://res.cloudinary.com/dwkckmmr7/image/upload/v1669950281/foo/mzfmnswqlhlzqnoybbjp.jpg', 'foo/mzfmnswqlhlzqnoybbjp', 1, 'ACTIVE', '<p><span style=\"color: rgb(117, 117, 117);\">“Sống tốt” hay “hướng thiện” thường xuất hiện trong mệnh đề với hàm ý khuyến khích, cổ vũ một người hay nhóm hành động hướng tới cá nhân hoặc tập thể khác, có thể dưới dạng “giúp đỡ” hoặc “cho đi.\"</span></p><p><img src=\"https://i.ibb.co/X8YnfpR/socialcapital-2.jpg\"></p><p>Trong nhiều trường hợp, từ thiện xuất phát từ việc ta và người được “giúp” khác nhau, khác đến mức ta cần phải “cho đi” để họ giống mình.</p><p>Tuy nhiên, nếu khởi đầu từ việc chúng ta nhận ra sự giống nhau giữa mình và những người khác, lòng tốt sẽ trở nên bền vững hơn.</p><h2>Từ thiện - cho mình và cho người khác</h2><p>Trong “từ thiện”, “từ” là lòng yêu thương với con người xuất phát từ bên trong, “thiện” là việc tốt có tác động đến đời sống của người khác. Là chủ đích của chúng tôi khi mượn đến lối chơi chữ, từ thiện cần những khoảnh khắc từ từ chứ không phải lúc nào cũng vội vàng và nhanh chóng.</p><p>Không những vậy, để từ lòng tốt của bản thân đến quyết định hành động giúp đỡ cá nhân hay cộng đồng khác, chỉ lòng thương cảm hay sự nhân từ là chưa đủ.</p><p>Khi ta cho, liệu có đúng ta chỉ cho đi mà không nhận lại? Hay nói cách khác, khi làm việc tốt, liệu có phải và có nên chỉ làm cho người khác và vì người khác?</p><p>Câu trả lời có lẽ là không, bởi lẽ trong câu chuyện và vấn đề của người khác, ta luôn hiện diện. Dù bạn có tin hay không, chúng ta giống nhau nhiều hơn chúng ta nghĩ.</p><p>Hãy bắt đầu từ một vấn đề có lẽ không ai trong chúng ta đến giờ chưa từng nghe đến, ô nhiễm môi trường. Liệu cục diện của nó có khác đi không nếu chúng ta đã từng thử chậm lại và tiếp thu với sự tôn trọng và học hỏi những quan niệm và luật tục của một số cộng đồng dân tộc thiểu số như người Thái, Ede, Pa Cô (Pakoh) với rừng, khi với họ, cây cỏ có linh hồn, nhiều khu vực rừng có tính thiêng.</p><p>Trong toạ đàm&nbsp;<em>Cuộc gặp của các diễn ngôn tổ chức bởi iSEE</em>, chúng tôi cùng đồng ý về sự khiêm nhường của các cộng đồng bản địa trước rừng, không tùy tiện chặt phá, chưa kể đến việc phá hủy hàng loạt nhân danh phát triển hay hiện đại.</p><p>Nhưng trong nhiều trường hợp, những triết lý đó lại bị chê bai và phê phán là “lạc hậu”, “kém phát triển.”</p><p>Ví dụ, canh tác nương rẫy là một mô hình sản xuất nông nghiệp phổ biến của các tộc người thiểu số ở Việt Nam cũng như ở khu vực Đông Nam Á.</p><p>Nếu xem xét kỹ quy trình kỹ thuật và các đặc trưng cơ bản của hình thức canh tác này, nương rẫy có thể được coi là một trong những loại hình nông nghiệp giúp con người thích ứng nhất với điều kiện tự nhiên miền núi, đưa lại hiệu quả kinh tế cao và ít ảnh hưởng đến môi trường tự nhiên.</p><p>Theo tập quán, khi một mảnh nương bắt đầu bạc màu, người dân sẽ bỏ hóa nó trong một khoảng thời gian từ 5 đến 10 năm và chuyển sang canh tác ở khu vực khác thuộc ranh giới của cộng đồng.</p><p>Đây được xem là một cách để cho đất được “nghỉ ngơi” thay vì liên tục khai thác trên một mảnh đất. Các mảnh nương cũ, sau thời kỳ bỏ hóa để rừng tái sinh và đất màu mỡ trở lại, sẽ được đưa vào canh tác nhằm thay thế cho các mảnh nương khác đã bạc màu.</p><p><img src=\"https://i.ibb.co/K7jqNgn/3-768x430.jpg\"></p><p>Trong bối cảnh tự nhiên của vùng khí hậu nhiệt đới, kỹ thuật như vậy không để lại nhiều tác động tiêu cực cho môi trường sinh thái tự nhiên (theo sách Đa dạng văn hoá: Bài học từ những câu chuyện).</p><p>Tuy nhiên, cách canh tác này thường bị đánh giá là không kinh tế trong so sánh với mô hình canh tác lúa nước. Kỹ thuật phát đốt được coi là hoạt động gây ảnh hưởng đến môi trường.</p><p>Thêm vào đó, các cư dân canh tác nương rẫy thường được nhìn nhận là những cộng đồng du canh du cư, nay đây mai đó, xã hội không ổn định. Thậm chí, nhiều người còn coi canh tác nương rẫy là một trong những ‘tàn dư’ của loại hình kinh tế ‘nguyên thủy’ nhất của loài người.</p><p>Nếu khi ấy nhìn thấy một tương lai nơi thiên nhiên bị khai thác đến cùng cực, nơi chúng ta và những đứa con của mình mỗi hơi hít vào là hàng triệu hạt bụi mịn, có lẽ chúng ta đã chậm lại để nhìn những thực hành như canh tác nương rẫy bằng một lăng kính khác.</p><p>Những triết lý và tri thức ấy bị phê phán giống y như cái cách một cái cây trong rừng ngã xuống một cách nhẹ nhàng. Tri thức bản địa bị dán nhãn “lạc hậu” và dần bị lãng quên, một cái cây và rồi hàng trăm nghìn héc ta rừng biến mất. Tất cả xảy ra phần nào vì ta cứ “hồn nhiên” nghĩ, hẳn đó là vấn đề của người khác.</p><p>Liệu hiện thực có khác đi không nếu vào khoảnh khắc phê phán hay quyết định can thiệp vào thực hành của các dân tộc ấy, ta nhìn thấy quá khứ, hiện tại và tương lai của mình trong những đôi mắt và cánh rừng của họ?</p><p>“Chúng ta” và “người khác,” những nhóm hay cộng đồng ta nghĩ mình không thuộc về và sẽ chẳng bao giờ liên quan như LGBTI+, người khuyết tật, người di cư, người dân tộc thiểu số thật ra không cách xa nhau đến thế.</p><p>“Họ” có thể là người thân, bạn bè, hàng xóm, đồng nghiệp của bạn. Cho dù là người lạ, tính cố hữu của sự không lường trước được trong cuộc đời cũng mở rộng cánh cửa để họ bước vào cuộc sống của bạn bất kỳ lúc nào.</p><p>Không chỉ là giữa những nhóm thiểu số, chúng tôi cũng tin rằng vấn đề của bất kỳ nhóm nào cũng là vấn đề của tất cả chúng ta, dù là đa số hay thiểu số, dù bạn có thuộc cộng đồng đó hay không.</p><h2>Từ “từ” còn lâu mới đến “thiện”</h2><p>Thiện nguyện (philanthropy) là các từ có nguồn gốc từ tiếng Hy Lạp, có nghĩa là “tình yêu con người/nhân loại - love of people/humanity.”</p><p>Như vậy, gốc rễ của các từ này làm cho chúng ta nghĩ đến mục đích của các tổ chức thiện nguyện và hành vi thiện nguyện là thể hiện tình yêu con người thông qua các hành động tốt.</p><p>Khi làm việc tốt, ta nghĩ lòng tốt hay sự hướng thiện của mình đến một cách thật tự nhiên và luôn đẹp đẽ, vì tình yêu thì có mấy ai chất vấn.</p><p>Mong muốn làm việc tốt trong nhiều trường hợp, là xuất phát điểm rất trong sáng của những hành động từ nhỏ nhất như cho tiền người ăn xin ở ngã tư đèn đỏ, cho đến những công việc vĩ mô như hoạch định một chính sách mới.</p><p>Nhưng có thật là việc và cái cách chúng ta “cho” đi không hề can hệ và ảnh hưởng gì đến bản thân mình? “Cho đi không cần nhận lại”, “làm việc tốt đi có chi cần nghĩ suy” - những thông điệp nghe có vẻ hợp tình hợp lý ấy có thể trở nên nguy hại khi củng cố cho việc không nhìn thấy mối liên hệ giữa mình với vấn đề của người khác.</p>', '2022-11-30 09:49:53', '2022-12-02 03:04:42', 16, 8, NULL),
(35, 'Tro tàn rực rỡ: Sự bất lực của đàn ông và “khao khát được thấy” của đàn bà', 'Tro-tan-ruc-ro:-Su-bat-luc-cua-djan-ong-va-\"khao-khat-djuoc-thay\"-cua-djan-ba', 'http://res.cloudinary.com/dwkckmmr7/image/upload/v1670040055/foo/knm3dgobjdkdrv635owb.jpg', 'foo/knm3dgobjdkdrv635owb', 1, 'ACTIVE', '<p><span style=\"color: rgb(117, 117, 117);\">Với nỗi buồn nặng trĩu nhân sinh bay lên từ đống Tro Tàn Rực Rỡ, đạo diễn Bùi Thạc Chuyên một lần nữa mổ xẻ chủ đề quen thuộc: mối quan hệ nhiều bất ổn giữa đàn ông và đàn bà qua ngôn ngữ điện ảnh.</span></p><p><img src=\"https://i.ibb.co/nwnvTzt/dienanh-guide-1.jpg\"></p><p>Từ&nbsp;<em>Sống Trong Sợ Hãi</em>&nbsp;(2005), bộ phim điện ảnh đầu tay từ kịch bản của nhà văn Nguyễn Thị Minh Ngọc đến&nbsp;<em>Chơi Vơi</em>&nbsp;(2009) với kịch bản của Phan Đăng Di, đạo diễn Bùi Thạc Chuyên đã cho thấy thế mạnh của anh từ việc khai thác mối quan hệ nhiều bất ổn giữa đàn ông và đàn bà, trong hành trình tìm kiếm hạnh phúc của họ.</p><p>Trở lại điện ảnh sau hơn một thập kỷ, Tro Tàn Rực Rỡ mang lại cho Bùi Thạc Chuyên một quan sát và trải nghiệm sâu sắc hơn về chủ đề mối quan hệ giữa đàn ông và đàn bà. Lần này, anh có may mắn khi chủ đề đó đã được kết tinh từ văn học qua ngòi bút sắc lạnh của nhà văn Nguyễn Ngọc Tư, khi anh mượn nó làm chất liệu để chuyển thể thành điện ảnh.</p><p>Bùi Thạc Chuyên tự viết kịch bản từ hai truyện ngắn&nbsp;<em>Củi Mục Trôi Về</em>&nbsp;và&nbsp;<em>Tro Tàn Rực Rỡ</em>&nbsp;với bối cảnh một vùng quê nghèo heo hắt và tù đọng ở miền Tây Nam Bộ. Anh không chỉ chuyển tải không gian văn hóa đậm đặc tính bản địa trong văn chương của Nguyễn Ngọc Tư, mà còn soi chiếu nó dưới không gian tâm lý, với những nhân vật như đã chết hoặc quá nhiều thương tổn từ bên trong.</p><p>“Phải khóc được thì tôi đâu có đốt nhà” – Nguyễn Ngọc Tư đã viết như vậy qua lời phân trần tỉnh queo của gã đàn ông say xỉn thích đốt nhà trong&nbsp;<em>Tro Tàn Rực Rỡ</em>. Còn trong bộ phim điện ảnh của Bùi Thạc Chuyên, chứng nghiện đốt nhà của Tam dường như biểu đạt cho sự bất lực của nam tính và thương tổn của đàn ông, trong việc tìm kiếm hạnh phúc với những người đàn bà mà họ yêu thương.</p><h2>Sự bất lực của nam tính với ẩn dụ của lửa</h2><p>Gần hai thập niên trước, tôi đã từng bị mê hoặc trước không gian miền Tây Nam Bộ thời thuộc địa và còn nhiều hoang dã, được tái hiện trong bộ phim&nbsp;<em>Mùa Len Trâu</em>&nbsp;(2004) của đạo diễn Nguyễn Võ Nghiêm Minh.</p><p>Ở đó, những gã đàn ông hoàn toàn bất lực và không làm chủ được bản thân mình, phó mặc cho vòng xoay bất tận của cuộc sống, của thiên nhiên hoang dã. Đây là bộ phim được chuyển thể từ văn học qua hai truyện ngắn (<em>Một Cuộc Bể Dâu</em>&nbsp;và&nbsp;<em>Mùa Len Trâu</em>) trong tập&nbsp;<em>Hương Rừng Cà Mau</em>&nbsp;của nhà văn Sơn Nam.</p><p><em>Mùa Len Trâu</em>&nbsp;là một bộ phim mang tính “hương xa” (exotic) làm sống lại đời sống hoang dã, bất định và sự lặp lại bất tận của cuộc sống, của sinh tử xảy ra từ thời “thiên địa sơ khai, càn khôn hỗn độn” như mô tả trong truyện ngắn của nhà văn Sơn Nam.</p><p>Trong cuộc chia sẻ với tôi, đạo diễn Nguyễn Võ Nghiêm Minh từng nói rằng: “Với&nbsp;<em>Mùa Len Trâu</em>, tôi không bao giờ đặt câu hỏi về ý nghĩa của cuộc sống (the meaning of life), vì đó là việc của các tôn giáo khác nhau. Tôi không có khả năng làm việc đó. Tôi chỉ muốn đưa ra kinh nghiệm của mình về sự hiện hữu (the experience of being alive)”.</p><p>“Kinh nghiệm hay trải nghiệm về sự hiện hữu” cũng là điều tôi cảm nhận được khi xem&nbsp;<em>Tro Tàn Rực Rỡ</em>&nbsp;của Bùi Thạc Chuyên. Góc nhìn và quan sát trung dung và đầy tiết chế, thậm chí cực đoan của anh qua việc sử dụng một ống kính duy nhất.</p><p>Anh không cố gắng kết luận hay phán xét bất cứ điều gì, chỉ nỗ lực phơi bày lên màn ảnh những gì anh quan sát và nhìn thấy, về cuộc sống của những con người phải vật lộn trong một thế giới đầy ngột ngạt và thương tổn. Để từ đó đi tìm tình yêu và hạnh phúc.</p><p><img src=\"https://i.ibb.co/84vxGJP/untitled-1-3-14-768x410.jpg\"></p><p>Cho dù là bối cảnh hoang dã thời thuộc địa trong văn chương của Sơn Nam qua&nbsp;<em>Mùa Len Trâu</em>, hay bối cảnh hiện đại trong văn chương của Nguyễn Ngọc Tư qua&nbsp;<em>Tro Tàn Rực Rỡ</em>, cuộc sống của người dân ở vùng sông nước Nam Bộ này dường như không mấy đổi khác.</p><p>Ta không thể biết sự khắc nghiệt của sinh tồn hay sự lặp lại của cuộc sống tù đọng, bế tắc biến họ trở thành những con người như thế - “nơi những người đàn ông ngập trong rượu và mối lo thất mùa rớt giá, con cái ốm đau, nơi những người đàn bà suốt ngày cắm mặt vá víu những chỗ rách trong nhà”.</p><p>Ta chỉ biết rằng, đó là một thế giới của những con người không có khả năng tìm thấy hạnh phúc, vì phải chịu đựng sự khổ hạnh quá lâu.</p><p>Sự gắn kết hai truyện ngắn&nbsp;<em>Củi Mục Trôi Về</em>&nbsp;và&nbsp;<em>Tro Tàn Rực Rỡ</em>&nbsp;trong một bộ phim dường như càng làm nhân lên cái đời sống đầy trắc trở và bất ổn trong mối quan hệ giữa đàn ông và đàn bà. Khổ hạnh hầu hết đều đến từ sự bất lực của những gã đàn ông dường như đã “chết từ bên trong”, đến mức không thể mang lại hạnh phúc cho những người đàn bà của bọn họ.</p><p>Ngôi chùa Thổ Sầu “nghèo đến mức người xa về không biết nên gọi là chùa hay nhà” – nơi trú ẩn tạm thời của Khang (Thạch Kim Long) - gã đàn ông với một quá khứ “tội đồ” tìm về để sám hối với kinh kệ. Mặc cho người đàn bà khùng từng là nạn nhân của hắn lảng vảng quanh chùa để tìm kiếm một ánh mắt của hắn đủ để cứu vớt cả một quá khứ tủi nhục của cô.</p><p>Hay xóm Thơm Rơm tù đọng buồn bã, nơi có hai gã đàn ông Tam (Quang Tuấn), Dương (Lê Công Hoàng) câm lặng, chôn chặt lòng mình trong men rượu hoặc chạy trốn lênh đênh giữa biển khơi để không phải đối diện với những thực tại mà bọn họ muốn chối bỏ.</p><p>Từ sự bất lực hoặc trốn chạy thực tại đó, cách hành xử của những gã đàn ông càng lúc càng vô tình và nghiệt ngã. Đó là sự ghẻ lạnh vô cảm của gã chồng kết hôn không vì tình yêu (Dương) đến chứng nghiện đốt nhà của Tam sau một biến cố gia đình. Anh ta là kẻ chỉ tìm thấy sự khoái cảm hay được giải phóng những ẩn ức bất lực của mình qua những đám cháy rực rỡ, mà không bao giờ nhìn thấy tình yêu câm lặng và hi sinh của vợ mình (Nhàn).</p><p>Nguyễn Ngọc Tư đã viết trong truyện ngắn: “Như mọi đàn ông ở cái xó quê này, họ thường không còn nhìn thấy vợ mình chỉ sau đám cưới vài ba tháng, nhiều lắm là vài ba năm”. Bùi Thạc Chuyên thì đặt người xem vào chính cái bối cảnh đó từ góc độ một người quan sát - để được nhìn thấy một “trải nghiệm của sự hiện hữu,” về những mối quan hệ đầy bất ổn giữa đàn ông và đàn bà qua ngôn ngữ điện ảnh tiết chế của anh.</p><p>“Chứng nghiện đốt” của Tam hoàn toàn có thể lý giải dưới góc độ “Tâm bệnh học,” thường được gọi là với cái tên khoa học là “pyromania” thuộc nhóm “rối loạn kiềm chế xung động” từng được y khoa lý giải.</p><p>Trong văn chương, Nhà văn Nhật Haruki Murakami từng mổ xẻ nó qua truyện ngắn&nbsp;<em>Đốt Nhà Kho (Barn Burning)</em>&nbsp;và sau đó đã được đạo diễn Hàn Quốc Lee Chang Dong chuyển thể thành bộ phim xuất sắc&nbsp;<em>Burning</em>&nbsp;(2018).</p><p>Tất nhiên, nhà văn Nguyễn Ngọc Tư và Murakami hay đạo diễn Lee Chang Dong và Bùi Thạc Chuyên không cố lý giải chúng dưới góc độ “Y khoa hiện đại,” họ chỉ mượn nó như một ẩn dụ về việc giải tỏa những kìm nén, bức bối của nội tâm nhân vật khi bọn họ không thể diễn đạt thành lời sự bất lực của mình.</p><p>Trong&nbsp;<em>Tro Tàn Rực Rỡ</em>, ngọn lửa đó còn là sự biểu đạt cho nỗi thèm khát của những con-đàn-bà-được chồng nhìn thấy.</p><h2>Khao khát “được nhìn thấy\" và tình yêu của đàn bà</h2><p><em>Tro Tàn Rực Rỡ</em>&nbsp;có lẽ giống với nhiều bộ phim khác của Việt Nam ở một điểm khi xây dựng những hình mẫu người phụ nữ thường mạnh mẽ và có khả năng chịu đựng cao hơn nhiều so với đàn ông. Tình yêu và sự nhẫn nại, bao dung của những người đàn bà, đôi lúc thật khó hiểu, đôi lúc lại như một sự cứu rỗi cho những người đàn ông mà họ yêu.</p><p>Ba người đàn bà trong&nbsp;<em>Tro Tàn Rực Rỡ</em>, là Hậu (Bảo Ngọc Doling) - cô vợ trẻ với một cuộc hôn nhân không hạnh phúc với tình yêu đơn phương, Loan “khùng” (Hạnh Thúy) - người đàn bà không chịu lớn sau một biến cố chấn động của quá khứ vẫn đem lòng yêu gã đàn ông đã hại đời mình, cuối cùng là Nhàn (Phương Anh Đào) – người đàn bà mất tất cả sau một thảm kịch của gia đình. Tất cả họ đều phải chịu chung một bất hạnh khi không được người đàn ông mà họ yêu thương đáp lại.</p><p><img src=\"https://i.ibb.co/9cvxxJF/3-768x415.jpg\"></p><p>Với góc nhìn trung lập và sử dụng hình ảnh tối giản để kể chuyện, Bùi Thạc Chuyên để cho mạch tự sự của bộ phim được phát triển một cách nhịp nhàng với nhịp điệu tự nhiên, chậm rãi.</p><p>Khán giả được tiếp cận với những cảnh sinh hoạt thường ngày của những người đàn ông, đàn bà trên sông nước rồi dần dần đến gần hơn. Nhưng không bao giờ quá gần – để được nhìn thấy những biến cố, bi kịch và đổ vỡ không thể hàn gắn giữa bọn họ.</p><p>Đồng nhất với ngôn ngữ điện ảnh được đạo diễn thiết lập ngay từ đầu một cách chặt chẽ, họa sĩ thiết kế bối cảnh Lê Văn Thanh và quay phim của đạo diễn hình ảnh K’Linh mang lại cho&nbsp;<em>Tro Tàn Rực Rỡ</em>&nbsp;những khung hình tràn ngập chất thơ và sự mê hoặc. Kể cả là ở những khung cảnh buồn hiu hắt và tụ đọng nhất của xóm nghèo Thơm Rơm, hay những đại cảnh rộng lớn hơn ở nửa sau bộ phim.</p><p>Càng về cuối, màu sắc của phim càng được tiết chế với một màu xám buồn bã, như ẩn ý cho sức sống và sự chịu đựng của những người phụ nữ ngày càng lụi tàn theo thời gian. Và chúng chỉ thực sự sáng bừng lên bằng ngọn lửa cháy rực rỡ được tái hiện tuyệt đẹp trên phim. Đó là ngọn lửa của sự hủy diệt, nhưng cũng là ngọn lửa của sự hồi sinh.</p><p>Khi thứ ánh sáng rực rỡ ấy được chiếu sáng bừng lên trên gương mặt và đôi sắt của Hậu, ta biết rằng đã có một sự thức tỉnh ở bên trong cô.</p><p>Chất thơ và sự mê hoặc của ngọn lửa trong&nbsp;<em>Tro Tàn Rực Rỡ</em>&nbsp;vì vậy là một cứu cánh cho tình yêu của người phụ nữ, như hành trình ra biển của Hậu ở cuối phim.</p><p><span style=\"background-color: rgb(250, 250, 250);\">Ngay trước khi ra rạp tại Việt Nam, Tro Tàn Rực Rỡ đã giành chiến thắng với giải Khinh Khí Cầu Vàng (Montgolfiere d\'or) tại LHP quốc tế Ba châu lục tại Pháp (Nantes Three Continents Festival). Đây là một trong những LHP quốc tế uy tín và có tuổi đời hơn 40 năm, được thành lập để tôn vinh những bộ phim xuất sắc đến từ các nền điện ảnh thuộc châu Á, châu Phi và Mỹ Latin.</span></p><p><span style=\"background-color: rgb(250, 250, 250);\">Giải Khinh Khí Cầu Vàng đã từng được trao cho nhiều tên tuổi lớn của điện ảnh châu Á như Hầu Hiếu Hiền (Đài Loan - 2 lần), Giả Chương Kha (Trung Quốc - 2 lần), Hirokazu Koreeda (Nhật Bản), Bi Gan (Trung Quốc)... Năm ngoái, giải phim hay nhất thuộc về đạo diễn Nhật Bản Ryûsuke Hamaguchi với bộ phim&nbsp;</span><em style=\"background-color: rgb(250, 250, 250);\">Wheel of Fortune and Fantasy</em><span style=\"background-color: rgb(250, 250, 250);\">. Và năm 2022, giải thưởng cao nhất thuộc về Tro Tàn Rực Rỡ của Bùi Thạc Chuyên.</span></p><p>Đây cũng là lần đầu tiên, một bộ phim đến từ Việt Nam giành chiến thắng cao nhất tại LHP Quốc tế Ba châu lục. Bộ phim được BGK tôn vinh chất thơ đầy mê hoặc và những giá trị thẩm mỹ và phong vị bản địa được tái hiện đặc sắc qua ngôn ngữ đậm tính tác giả của đạo diễn.</p>', '2022-12-03 04:00:56', '2022-12-03 04:00:56', 16, 10, NULL),
(36, 'Tận hưởng độc thân có làm ta quay lưng với kết nối tình cảm?', 'Tan-huong-djoc-than-co-lam-ta-quay-lung-voi-ket-noi-tinh-cam', 'http://res.cloudinary.com/dwkckmmr7/image/upload/v1670040736/foo/or9bxc1cjeq09brdqjbt.jpg', 'foo/or9bxc1cjeq09brdqjbt', 0, 'ACTIVE', '<p><span style=\"color: rgb(117, 117, 117);\">Một thế hệ chuộng “tự bầu bạn chính mình,” một nền kinh tế hào hứng đáp ứng nhu cầu độc hành, chúng ta có đang dần quay lưng với việc kết đôi.</span></p><p><img src=\"https://i.ibb.co/xzf23CD/clspriscilla-du-preez-4hwflpg54ea-unsplash-1.jpg\"></p><p>Trong series sitcom nổi tiếng&nbsp;<em>Friends</em>&nbsp;của Mỹ, có một chi tiết về việc nhân vật Rachel băn khoăn chuyện vào nhà hàng ăn một mình. Bắt đầu với sự e ngại, sau đó cô nhận được sự động viên để vượt qua rào cản tâm lý, để rồi kết thúc với cảnh Rachel tán gẫu với một người con trai cô có hảo cảm trong nhà hàng.</p><p>Đó là người đã nhìn thấy cô ngồi ăn một mình và nghĩ rằng sẽ không bao giờ dây dưa với một kẻ lập dị như vậy. Khai thác tiếng cười trào lộng, nhưng câu chuyện phần nào đã cho thấy cách xã hội được coi là cởi mở nhìn nhận tình trạng “một-mình” vào thập niên 90.</p><p>Hơn 20 năm sau tập phim của&nbsp;<em>Friends</em>, ở Amsterdam, Hà Lan, thế giới lần đầu tiên có mô hình nhà hàng chỉ dành cho những thực khách đi ăn một mình.</p><p>Tuy nhiên, nhà hàng này là một phần của dự án sáng tạo và vận hành theo dạng “pop-up,” tức là sẽ mở cửa hoạt động vài ngày tại một thành phố, sau đó đóng cửa biến mất. Một dạng thử nghiệm và trải nghiệm kỳ thú hơn là một chỉ dấu về thay đổi thái độ trong xã hội.</p><p>Đến vài năm trở lại đây, việc đi ăn một mình mới được coi như phổ biến ở một số nước Đông Á như Nhật Bản, Hàn Quốc, với các quán ăn, nhà hàng thiết kế chỗ riêng cho những khách hàng này.</p><p>Chuyện đi ăn một mình chỉ là một ví dụ, nhưng so sánh để thấy rằng lối sinh hoạt từng một thời hứng chịu phán xét nay dường như đang lội ngược dòng, trở thành một văn hoá được xã hội chấp nhận và dung nạp.</p><h2>Văn hoá “một-mình” trong nền kinh tế độc thân</h2><p>Emma Watson từng gây một cơn bão truyền thông nho nhỏ khi lên báo trả lời phỏng vấn và tuyên bố cô hoàn toàn hạnh phúc với việc độc thân. Khen có, chê có, nhưng nhìn chung, thiên hạ ồn ào bởi cách Emma dùng một từ mới - “self-partnered” (tự bầu bạn với mình) – để nói về sự độc thân.</p><p>Phải chăng lặng lẽ dung nạp là một chuyện, việc đối diện công khai một tuyên ngôn về chủ nghĩa độc thân vẫn là một cái gì đó khó khăn? Và việc Emma, nổi tiếng, xinh đẹp, giàu có, thành công, sẵn sàng đưa ra tuyên bố như vậy có đang báo hiệu thời kỳ sự “một-mình” lên ngôi, trở thành xu hướng, “huy hiệu” người ta sẵn sàng cài lên áo.</p><p>Trên thực tế, tại một số nơi, “một-mình” đang được tạo điều kiện hơn bao giờ hết.</p><p><img src=\"https://i.ibb.co/t8q5hrj/2-768x512.jpg\"></p><p>Nếu Rachel của&nbsp;<em>Friends</em>&nbsp;sống ở thời hiện tại, ở các nước như Nhật Bản, Hàn Quốc, Trung Quốc, Rachel sẽ không phải băn khoăn gì về việc vào nhà hàng ăn một mình, và vô số những hoạt động đơn độc khác.</p><p>Ngoài nhà hàng, còn có phòng karaoke một người, phòng tập thể dục một người, phòng chụp ảnh mini … Các siêu thị bán khẩu phần ăn đủ cho một người, trong khi đồ gia dụng cũng phổ biến các mẫu kích thước nhỏ gọn.</p><p>Sự nhanh nhạy của thị trường trong việc nhìn ra tiềm năng của nhóm khách hàng độc thân (20-40 tuổi có thời gian, tiền bạc, không vướng bận gia đình, con cái và sẵn lòng mở hầu bao chiều chuộng chính mình) đã mở ra một nền kinh tế tạo điều kiện, thậm chí săn đón, văn hoá một mình.</p><p>Hãy tưởng tượng, nếu bạn là người như vậy - được cả nền kinh tế săn đón, ra ngoài một mình vẫn tìm thấy niềm vui, ở nhà có dịch vụ đưa mọi thứ tận cửa, những sản phẩm được cân đo đong đếm cho “vừa khít” với sự độc thân, thì chúng ta cũng sẽ giống Emma Watson, thoải mái thừa nhận rằng bạn có thể tự hạnh phúc với chính mình.</p><h2>Nhìn nhận và đối mặt văn hoá “một-mình”</h2><p>Trong khi bạn không (hoặc chưa vội) lo lắng về lựa chọn độc thân của mình, ở ngoài kia vẫn còn người lo lắng hộ bạn.</p><p>Đó trước hết sẽ là cha mẹ bạn, những người đang tiệm cận tuổi già. Họ đã chứng kiến tuổi già từ cha mẹ và hiểu rằng đến giai đoạn ốm đau yếu đuối của tuổi xế chiều, người ta sẽ cần cái nắm tay của tình thân.</p><p>Và còn cả những lo lắng ở tầm vĩ mô hơn, về dân số già, về lực lượng lao động giảm, kinh tế đi xuống. Nhìn sang các nước Đông Á như Nhật Bản, Trung Quốc, Hàn Quốc, đều là những nước có văn hoá độc thân nở rộ những năm gần đây, họ đều là các nước đang phải đau đầu với bài toán này.</p><p>Câu hỏi \"những người lựa chọn độc thân liệu có đang quay lưng với gắn kết tình cảm hay không?\" hẳn đến giờ vẫn chưa có câu trả lời thuyết phục.</p><h2>Chúng ta có thể thích nghi với văn hoá “một-mình” không?</h2><p>Nếu các dự báo khoa học có thể tin được, vậy nên nhìn nhận xu hướng này như thế nào, và thích ứng như thế nào. Tờ Psychology Today mới đây có đăng một nghiên cứu về chủ đề độc thân thời hiện đại, với một góc nhìn khá thú vị trong tương quan về giới.</p><p>Nghiên cứu này cho rằng đàn ông đang là “nạn nhân” trong xu thế độc thân hiện nay, khi nữ giới dần có nhiều quyền và chỗ đứng hơn. Điều này khiến họ đòi hỏi nhiều hơn từ các mối quan hệ và sẵn sàng chọn cuộc sống độc thân cho đến khi tìm được người phù hợp.</p><p>Tuy nhiên, nghiên cứu không đổ lỗi cho nữ giới, thay vào đó khuyên đàn ông nỗ lực nâng cao giá trị bản thân và tích cực hơn trong các hoạt động giao lưu.</p><p>Tương tự như vậy, chúng ta nên chấp nhận rằng tình trạng độc thân ngày càng kéo dài (và với một số người sẽ không kết thúc) đã trở thành một xu thế của thời hiện đại.</p><p>Con đường từ độc thân đến hôn nhân từng thông thoáng và lưu thông chóng vánh thời bố mẹ chúng ta, nay phức tạp, nhiều vướng bận, và nhiều người sẽ cần di chuyển chậm hơn và cẩn trọng hơn.</p><p>Việc có thể làm là thông cảm và nỗ lực từ hai bên, để sự “một-mình” cũng có thể mang đến những giá trị tích cực. Đối với cá nhân, đó là học cách chấp nhận và yêu thương bản thân như một bản thể độc lập và tròn vẹn, lấy đây làm nền tảng cho các gắn kết bền vững.</p><p>Đối với cộng đồng, đó là học cách tôn trọng và bao dung cho nhu cầu dành thời gian cho bản thân trong một cuộc sống không ngừng vội vã.</p>', '2022-12-03 04:12:16', '2022-12-03 11:19:04', 50, 9, NULL),
(37, 'Truyền thông chậm có khiến độc giả hiền hoà hơn?', 'Truyen-thong-cham-co-khien-djoc-gia-hien-hoa-hon', 'http://res.cloudinary.com/dwkckmmr7/image/upload/v1670041269/foo/tg2ndadwtely71wcmvhe.jpg', 'foo/tg2ndadwtely71wcmvhe', 0, 'ACTIVE', '<p><span style=\"color: rgb(117, 117, 117);\">Đưa tin chậm trong thời đại tốc độ có thể khiến các kênh truyền thông và độc giả đại chúng hiểu nhau hơn.</span></p><p><img src=\"https://i.ibb.co/Q9XbXpr/opinion-03.jpg\"></p><p>Bắt kịp xu thế, đón đầu tin tức trong khoảng thời gian ngay-lập-tức - đó là những yêu cầu của ngành truyền thông ngày nay. Những ký giả phải ra bài thật nhanh và cập nhật thông tin liên tục. Với một số sự kiện hay tin tức quan trọng, có hẳn những đội ngũ đặc biệt để đưa tin theo từng phút.</p><p>Điều này thường được coi là tốt vì có thể phục vụ nhu cầu gia tăng số lượng thông tin cho khán giả. Nhưng theo tôi, tin nhanh, giống như đồ ăn nhanh, cũng có những tác hại nhất định. “Cả giận mất khôn” là thứ tôi đã quan sát được trong một vài cuộc tranh luận gần đây trên truyền thông.</p><h2>Tốc độ hi sinh sự điềm tĩnh</h2><p>Khi một vụ việc “hot” xảy ra, tất cả mọi người đều có quyền nêu ý kiến. Dõi theo những sự kiện gần đây, ta có thể thấy rằng cộng đồng mạng thực hiện triệt để quyền nói của mình, nhưng nhiều khi quên đi rằng họ còn phải nghe. Hệ quả là nhiều cuộc tranh luận chỉ là hai bên tự hét vào trong hang cho mình nghe, chứ không đưa ra được những kiến giải hiệu quả trên tinh thần tôn trọng.</p><p>Một số ví dụ có thể kể tới là (1) những đàm thoại về&nbsp;<a href=\"https://vietcetera.com/vn/hot-girl-binh-luan-world-cup-can-nhieu-hon-so-lieu-va-thi-hieu-de-ket-luan\" rel=\"noopener noreferrer\" target=\"_blank\" style=\"background-color: transparent; color: rgb(49, 114, 216);\">hot girl trong chương trình World Cup</a>, (2) những tranh luận về&nbsp;<a href=\"https://vietcetera.com/vn/luan-an-tien-si-ve-ao-nguc-khoa-hoc-va-thiet-thuc-nhung-van-bi-che\" rel=\"noopener noreferrer\" target=\"_blank\" style=\"background-color: transparent; color: rgb(49, 114, 216);\">luận án tiến sĩ về áo ngực</a>, (3) những ý kiến về&nbsp;<a href=\"https://vietcetera.com/vn/yeu-ghet-nu-hoang-anh-truyen-thong-da-san-xuat-ra-cam-xuc-cua-ban-nhu-the-nao\" rel=\"noopener noreferrer\" target=\"_blank\" style=\"background-color: transparent; color: rgb(49, 114, 216);\">Nữ hoàng Anh</a>&nbsp;như một biểu tượng thực dân, hay là (4) tranh cãi về&nbsp;<a href=\"https://vietcetera.com/vn/loan-thi-hoa-hau-cau-hoi-khong-phai-la-sao-nhieu-the\" rel=\"noopener noreferrer\" target=\"_blank\" style=\"background-color: transparent; color: rgb(49, 114, 216);\">các cuộc thi hoa hậu</a>. Những cuộc tranh luận này đều rất nóng bỏng với nhiều tiếng nói từ cả phe ủng hộ lẫn phản đối.</p><p>Điểm chung lớn nhất của tranh luận mạng, thật đáng tiếc, là không ai chịu nghe ai cả. Cả hai phe nói rất nhiều và rất to, nhưng lại thiếu đi sự tĩnh lặng để nghe đối phương, thiếu những khoảng lùi để hiểu đối phương.</p><p><img src=\"https://i.ibb.co/M8xr0Qw/pexels-mikhail-nilov-8847005-768x511.jpg\"></p><p>Sự đối thoại gần như không hiện diện, và nếu có, thì đầy rẫy công kích xen giữa những phản biện và góp ý ít có tính xây dựng. Thậm chí, có nhiều phê bình mang tính huỷ diệt (destructive criticism).</p><p>Trong những cuộc hội thoại này, các kênh truyền thông đưa tin rất nhanh nhẹn. Nhưng dường như kiểu làm tin nhanh đã triệt đường đối thoại, bởi nó vô tình chia rẽ dư luận thành các đám đông đầy thiên kiến. Khối lượng thông tin khổng lồ chỉ cho phép người ta tiêu thụ một cách bị động. Chúng không tạo điều kiện cho dư luận lắng nghe nhau.</p><p>Vị thế bị động của khán giả khi phải đón nhận một lượng thông tin khổng lồ lại khiến cho họ trở nên thờ ơ. Tin tức liên tục tới, và chúng không còn quan trọng nữa khi chỉ một thời gian ngắn thôi, không ai còn có nhu cầu nói thêm về chúng nữa.</p><p>Sự thờ ơ trên là hệ quả của vấn đề tiếp theo: chúng ta chóng nhận thông tin và cũng chóng quên. Mọi thứ trôi tuột qua dù có để lại ấn tượng hay không, đơn giản bởi bộ nhớ của ta còn những thứ khác quan trọng hơn phải ghi nhận. Trong điều kiện này, việc hội thoại không có cả thời gian và không gian để được thực hiện.</p><h2>Truyền thông chậm</h2><p>Giải pháp cho việc này, theo tôi, không quá phức tạp: Hãy đi chậm lại! Hãy sản xuất chậm lại và đọc chậm lại! Thay vì chỉ chăm chăm đưa tin và nhận tin thật nhanh, ta tập trung vào việc giảm tốc độ thông tin để tăng thời gian và không gian ngẫm nghĩ.</p><p>Như vậy, đơn vị truyền thông sẽ có nhiều thời gian hơn để quan sát sự kiện, chọn lọc thông tin, rồi biên tập, hiệu chỉnh thật cẩn thận, rồi đăng tin kèm với những sản phẩm thiết kế chỉn chu và bắt mắt. Khán thính giả và độc giả cũng có nhiều thời gian hơn để điềm tĩnh, tự nghĩ, tự đánh giá sự kiện đó, trước khi tiếp nhận bất cứ sự đánh giá nào của truyền thông và của những người khác qua truyền thông.</p><p>Ý tưởng về một nền truyền thông chậm được đề xuất bởi nhà nghiên cứu truyền thông Jennifer Rauch với cuốn sách&nbsp;<em>Slow Media: Why Slow Means Satisfying, Sustainable &amp; Smart</em>. Bà lấy cảm hứng từ trào lưu slow food, trong đó nhấn mạnh vào việc chuẩn bị bữa ăn và nguyên liệu chế biến cẩn thận.</p><p>Theo Jennifer Rauch, yếu tố “chậm” của truyền thông chậm không nhắm tới việc phê phán tiêu thụ thông tin nhanh, mà về việc lựa chọn thông tin thật cẩn thận, sau đó biên tập chúng với sự tập trung cao. Đầu ra của cách làm này sẽ là những sản phẩm được đầu tư và có chất lượng cao.</p><p>Mục tiêu của truyền thông chậm không phải là giật tít to, đưa tin lớn, làm tin nhanh, mà tập trung vào việc tương tác với người dùng và thúc đẩy sự đối thoại giữa các kênh truyền thông với khán thính giả và độc giả, cũng như giữa khán giả với nhau.</p><p>Điều này vừa đảm bảo một độ lùi phù hợp để đại chúng không rơi vào cơn cuồng loạn của thông tin và cảm xúc, vừa huấn luyện đại chúng tiếp nhận và đánh giá thông tin trong sự tập trung cao độ.</p><p>Không dừng lại ở đó, theo Jennifer Rauch, thực hành truyền thông chậm sẽ mang lại nhiều lợi ích khác. Bà đã liệt kê ra 14 ưu điểm của loại hình này trong văn bản&nbsp;<em>Tuyên ngôn truyền thông chậm&nbsp;</em>(Slow Media Manifesto), trong đó có thể kể tới một số điểm nổi bật như:</p><p>Thứ nhất: Xây dựng nền truyền thông bền vững, loại bỏ việc lợi nhuận hóa tới mức tối đa thông tin cá nhân của người dùng.</p><p>Thứ hai: Chú trọng vào người dùng. Truyền thông không nhất thiết phải chú trọng vào tin tức hay diễn biến mới, mà tập trung vào việc thiết kế một giao diện thân thiện với người dùng theo thói quen tiêu thụ sản phẩm truyền thông của họ.</p><p>Thứ ba: Đề cao chất lượng sản phẩm: Truyền thông chậm đo lường thành quả thông qua những sản phẩm hữu hình, ví dụ như một chiếc poster đẹp mắt và gây hứng thú cho người đọc hay một giao diện chỉn chu, thay vì làm ra những mẩu tin ngắn ngủi, chóng nhớ chóng quên.</p><p>Thứ tư: Thúc đẩy sự đối thoại và có tính đàm thoại. Trong truyền thông chậm, việc nghe cũng tương đương việc nói. Do đó, “chậm” ở đây có nghĩa là bỏ thời gian và trí lực để nhìn vấn đề, đặt câu hỏi, và hiểu từ những góc độ khác.</p><p>Giả dụ, trong&nbsp;<a href=\"https://vietcetera.com/vn/no-o-no-cua-cho-khong-bang-cach-cho\" rel=\"noopener noreferrer\" target=\"_blank\" style=\"background-color: transparent; color: rgb(49, 114, 216);\">vụ việc Nờ Ô Nô</a>&nbsp;hành xử không đúng chuẩn mực với bà lão nghèo, khi hầu hết các kênh truyền thông đã dành năng lượng để lên án, thì số lượng nhỏ các kênh khác có thể nghĩ đến việc đề xuất giải pháp.</p><p>Từ đó, độc giả vừa có thể hiểu thế nào là một thái độ không tốt khi đối diện với nhóm yếu thế và từ chối tiêu thụ các nội dung này, vừa hiểu đâu là thái độ mình cần có khi sẻ chia với người nghèo.</p><h2>Kết</h2><p>Tất nhiên, việc thực hành truyền thông chậm không có nghĩa là tất cả ngành công nghiệp truyền thông sẽ biến thành những con sên. Vẫn sẽ có những thông tin cần phải chú trọng tốc độ. Nhưng đối với những tin tức, sự kiện gây tranh cãi, có chiều sâu và đòi hỏi sự cẩn trọng, thì truyền thông chậm sẽ là một lựa chọn phù hợp.</p><p>Và từ phía của độc giả, trong môi trường truyền thông không đuổi theo KPI, tiêu thụ tin không còn đi kèm với áp lực “phản ứng nhanh” mà chủ yếu bằng sự bức xúc. Có lẽ, đọc chậm tạo ra những con người điềm đạm hơn.</p>', '2022-12-03 04:21:10', '2022-12-03 04:22:15', 50, 9, NULL);
INSERT INTO `post` (`postID`, `name`, `slug`, `photoURL`, `publicID`, `hot`, `status`, `content`, `createdAt`, `updatedAt`, `userID`, `categoryID`, `id`) VALUES
(38, 'Bình đẳng nhưng... lại khác biệt?', 'Binh-djang-nhung...-lai-khac-biet', 'http://res.cloudinary.com/dwkckmmr7/image/upload/v1670138600/foo/keeyprf5hgnrjj18jddf.jpg', 'foo/keeyprf5hgnrjj18jddf', 0, 'ACTIVE', '<p><em style=\"color: rgb(160, 174, 192);\">Như mọi người biết, chúng ta đang đấu tranh đòi bình đẳng cho rất nhiều thứ. Cộng đồng LGBTQIA+, phụ nữ, người da màu... Đó đều là...</em></p><p><span style=\"color: rgba(0, 0, 0, 0.8);\">Như mọi người biết, chúng ta đang đấu tranh đòi bình đẳng cho rất nhiều thứ. Cộng đồng LGBTQIA+, phụ nữ, người da màu... Đó đều là những vấn đề cần sự bình đẳng. Vậy nhưng, sự bình đẳng này đã thật sự được làm đúng hay chưa?</span></p><p><br></p><p><span style=\"color: rgba(0, 0, 0, 0.8);\">Lưu ý: Ở đây, mình muốn làm rõ với mọi người rằng mình không hề kì thị bất kì ai từ giới tính, màu da, sắc tộc. Đây là một bài viết được nhìn tự góc độ cá nhân nên có thể sẽ không phù hợp với nhiều người. Nếu có gì chưa hài lòng về nội dung, xin mọi người phản biện dưới phần bình luận</span></p><p><img src=\"https://i.ibb.co/zHtsVcN/jereneapril2018genderequality123rf.jpg\"></p><p><strong style=\"color: rgba(0, 0, 0, 0.8);\"> 1. Phong trào đòi bình đẳng là gì?</strong></p><p><span style=\"color: rgba(0, 0, 0, 0.8);\">Đầu tiên thì bình đẳng là tất cả mọi người đều được đối xử một cách công bằng, không hề có thiên vị. Lấy ví dụ về việc đòi bình đẳng cho phụ nữ. Thời xưa, xã hội đánh giá rằng phụ nữ chỉ làm những công việc nhà, không có khả năng kiếm tiền xây dựng gia đình. Chính vì lối tư duy này mà những trẻ em gái từ nhỏ chủ yếu không được đến trường, đi làm khi tuổi còn nhỏ hay thậm chí nhiều em đã bị hành hạ, ngược đãi hoặc tồi tệ hơn là bị đem bỏ khi mới chào đời. Những người phụ nữ đóng vai trò là một người vợ thì chỉ ở nhà nuôi dạy con cái, dọn dẹp nhà cửa và không có quyền lên tiếng về những vấn đề từ trong nhà ra ngoài xã hội. Tuy nhiên, nhiều người phụ nữ cũng được đi làm nhưng họ làm việc chẳng khác gì những nô lệ khi phải làm việc hơn 8 tiếng 1 ngày. Từ đó, những phản kháng đầu tiên của lực lượng lao động nữ trong việc đòi quyền lợi cho mình bắt đầu xuất hiện.</span></p><p><br></p><p><span style=\"color: rgba(0, 0, 0, 0.8);\">Kể từ đó, không chỉ đòi quyền lợi cho phụ nữ, nhiều cuộc biểu tình hay  nhiều phong trào đã được phát động. Từ đó đến hiện tại, người lao động, người da màu, LGBTQIA+ đều gần như đòi được quyền lợi cho mình. Mặc dù không triệt để vì vẫn còn nhiều cá nhân, tổ chức hay thậm chí là quốc gia vẫn chưa công nhận những cộng đồng kể trên nhưng cũng không thể phủ nhận rằng hiện tại trên thế giới, những thành phần yếu thế đã phần nào dành được quyền lợi cho mình.</span></p><p><br></p><p><strong style=\"color: rgba(0, 0, 0, 0.8);\">2. Bình đẳng hay thiên vị?</strong></p><p><span style=\"color: rgba(0, 0, 0, 0.8);\">Nếu như bình đẳng là không thiên vị bất cứ ai, mọi người đều được đối xử như nhau thì liệu hiện tại thế giới có đang thực sự bình đẳng? Mỗi khi một người đàn ông nào đó trở thành tiến sĩ, họ sẽ được chúc mừng. Nhưng khi một người phụ nữ hay người đồng tính dành được tấm bằng tiến sĩ, cả thế giới như đang tung hô họ. Những người ấy có thể họ rất giỏi, nhưng đa số những bình luận, những ca ngợi dành cho họ đều là về giới tình, xuất thân hay màu da của họ. Thứ khiến họ đặc biệt là sự thông minh, giỏi giang và xuất sắc của họ. Vậy mà rất nhiều người chỉ nhìn vào những mặt chẳng hề liên quan như giới tính để khen thưởng. Thế thì khác nào chúng ta quay về những thập niên đầu của thế kỉ trước, khi người đàn ông thành công thì được tán thưởng, còn phụ nữ chỉ xem là may mắn.</span></p><p><br></p><p><strong style=\"color: rgba(0, 0, 0, 0.8);\">3. Giới trẻ và sự quá đà</strong></p><p><span style=\"color: rgba(0, 0, 0, 0.8);\">Phần này mình xin phép chỉ đề cập đến cộng đồng LGBTQIA+. Không thể phủ nhận những mạng xã hội như Facebook, Instagram và đặc biệt là TikTok đã tác động lên tư duy của giới trẻ, giúp các bạn ấy có tư duy cởi mở hơn so với những thế hệ đi trước. Tuy nhiên trên TikTok hiện nay có những bạn làm content ủng hộ LGBT nhưng lại ủng hộ một cách cực đoan và khiến người khác khó chịu. Mình sẽ không nói về những thành phần làm ra những video ấy để thả bait câu tương tác. Mình chỉ đề cập về những người thực sự \"cuồng\" LGBT trong cả trong hành động lẫn tư duy. Với những ai không thích hay thậm chí là những thành phần trung lập, họ cũng lao vào mà thuyết phục hay tệ hơn là xúc phạm, chỉ trích họ. Và dần từ những người có cái nhìn bình thường, họ sẽ mang một tâm lý không thoải mái với cộng đồng LGBT. Mặc dù những người trong cộng đồng thường có thái độ rất tốt nhưng chỉ vì những thành phần nêu trên đã khiến nhiều người không có cảm tình với LGBTQIA+.</span></p><p><br></p><p><span style=\"color: rgba(0, 0, 0, 0.8);\">Vậy thì cuối cùng thì các bạn trẻ yêu quý LGBT một cách quá đáng à, các bạn đang làm gì vậy? Cái các bạn gọi là ủng hộ nó có thực sự là ủng hộ. Hay càng khiến nhiều người nghi hoặc, có thêm định kiến về cộng đồng các bạn đang support?</span></p><p><br></p><p><strong style=\"color: rgba(0, 0, 0, 0.8);\">4. Kết bài</strong></p><p><span style=\"color: rgba(0, 0, 0, 0.8);\">Cho dù nhiều bạn trẻ ủng hộ quá đà và cực đoan, thì ngoài xã hội kia vẫn còn nhiều người trẻ có tư duy và hành động rất thiết thực, đó là những người mình cực kì tôn trọng. Và cũng nên nhìn về phía những người đã và đang đấu tranh cho quyền bình đẳng, hãy chứng minh rằng công sức mình bỏ ra là xứng đáng nhé!</span></p>', '2022-12-04 07:23:20', '2022-12-04 07:23:20', 16, 3, NULL),
(39, 'Tôi không muốn cố tỏ ra vẻ \"mình là người có ích\" nữa', 'Toi-khong-muon-co-to-ra-ve-\"minh-la-nguoi-co-ich\"-nua', 'http://res.cloudinary.com/dwkckmmr7/image/upload/v1670139068/foo/r5eeijqixcck07bv12ts.jpg', 'foo/r5eeijqixcck07bv12ts', 0, 'ACTIVE', '<p><em style=\"color: rgb(160, 174, 192);\">Các bạn từng đi làm giúp đám cưới bao giờ chưa? Ở quê chắc sẽ gặp nhiều. Người làm giúp thường sẽ là anh em, họ hàng, hàng xóm thân...</em></p><p class=\"ql-align-justify\">Các bạn từng đi làm giúp đám cưới bao giờ chưa? Ở quê chắc sẽ gặp nhiều. Người làm giúp thường sẽ là anh em, họ hàng, hàng xóm thân thiết. Nhiều đám cưới ít người giúp nhưng cũng có nhiều đám cưới quá nhiều người làm. Như đám cưới ông cậu tôi là một ví dụ. Khi tôi đến, bàn ghế, cốc, giấy, đũa đã được sắp xếp gọn gàng rồi và giờ chỉ việc xếp cỗ lên. Vấn đề ở đây đó là số người làm cỗ ít và tốc độ không quá nhanh trong khi số người chờ để được bê cỗ, số người chờ xếp cỗ thì nhiều (chưa tính những người đứng ngoài xem). Tôi thấy bản thân nhảy vào tranh lượng việc ít ỏi đó sẽ không giúp được gì nhiều, thậm chí làm vướng chân. Tuy nhiên, cái cảm giác ngồi ngoài thấy bản thân vô dụng rất rất khó chịu. Lại còn thêm nhiều người thấy tôi ngồi chơi rồi ra bảo \"nhanh nhẹn lên, ra bê cỗ đi, ra xếp cỗ đi\" khiến tôi lại cố phải cầm một cái mâm trống rồi vào đứng chờ. Kết quả thì tôi bê được 2 mâm tôm xong là hết việc. Đó chỉ là một ví dụ cho những vấn đề khác mà tôi nhận thức được</p><p class=\"ql-align-justify\"><strong>1. Công việc</strong></p><p class=\"ql-align-justify\">Tôi thấy có quá nhiều cuộc họp vô dụng với mục đích phô bày quân số.   Nhiều cuộc trò chuyện không có giá trị nhưng vẫn cố tỏ vẻ đang lắng nghe. Đôi khi làm hết task, không biết sẽ làm gì thì lại thể hiện giả vờ bản thân đang chăm chỉ. Hỏi người khác có cần giúp gì không trong khi lại biết trước câu trả lời là \"không\"</p><p class=\"ql-align-justify\"><strong>2. Gia đình</strong></p><p class=\"ql-align-justify\">Thỉnh thoảng thể hiện mình là người kiếm được tiền thông qua chi tiêu. Mua nhiều đồ cho bản thân lẫn gia đình trong khi biết rõ là không cần thiết. Hay rủ, khao mọi người đi ăn. Thường xuyên chiều mấy đứa cháu ra siêu thị mua đồ ăn vặt, thức uống có đường cho chúng nó dù biết không hề tốt cho sức khỏe</p><p class=\"ql-align-justify\"><strong>3. Kết</strong></p><p class=\"ql-align-justify\">Bài viết này kết cấu không được ổn cho lắm với lại khá ngắn do dựa trên suy nghĩ cá nhân.</p><p class=\"ql-align-justify\">Rất mong nhận được sự góp ý từ mọi người :D</p>', '2022-12-04 07:31:08', '2022-12-04 07:31:08', 16, 3, NULL),
(40, 'Pixar và những thông điệp mang tính thời đại', 'Pixar-va-nhung-thong-djiep-mang-tinh-thoi-djai', 'http://res.cloudinary.com/dwkckmmr7/image/upload/v1670139225/foo/syp0dpbvqfmmwgjxuhmr.jpg', 'foo/syp0dpbvqfmmwgjxuhmr', 0, 'ACTIVE', '<p><em style=\"color: rgb(160, 174, 192);\">Một trong những điều đặc sắc trong phim hoạt hình đó là cả người lớn và trẻ em đều cảm thấy lôi cuốn. Những bộ phim của pixar thường...</em></p><p>Một trong những điều đặc sắc trong phim hoạt hình đó là cả người lớn và trẻ em đều cảm thấy lôi cuốn. Những bộ phim của pixar thường có màu sắc tươi sáng, nét vẽ đáng yêu cùng những tình huống hài hước duyên dáng. Ẩn sau đó là tầng lớp những bài học ý nghĩa mà chỉ khi đã trưởng thành chúng ta mới có thể hiểu được. Và giờ chúng ta cùng tìm hiểu những bài học đã được truyền tải qua những bộ phim pixar nhé</p><h2><img src=\"https://i.ibb.co/1ZSwWGj/photo-1559557809-e9b6eabeabfc.jpg\">1)Up (vút bay)</h2><p>Up kể về cuộc hành trình của ông lão Carl đưa ngôi nhà của mình đến tháp Thiên Đường, nơi mà cả ông và người vợ quá cố của ông đều mơ ước đặt chân đến. Ông có một ý tưởng vô cùng táo bạo, đó là buộc hàng nghìn của bóng vào ngôi nhà của mình để nó bay lên và thật kì diệu là nó đã thành công. Trên đường bay, ông vô tình vướng phải cậu bé hướng đạo sinh Russel, cũng như gặp lại thần tượng thuở ấu thơ của mình, đó là Charles Muntz. Từ đây, hàng loạt các sự kiện xảy ra và hành trình của ông không chỉ còn đơn giản là hành trình đưa ngôi nhà đến tháp Thiên Đường.</p><p>Hai nhân vật trung tâm của bộ phim, ông già Carl và nhà thám hiểm Charles Muntz đều có những nỗi ám ảnh riêng, nhưng hành trình của họ lại khác nhau, và đem đến cho họ những kết cục khác nhau. Ở nhân vật Carl, sau khi vợ mình qua đời, ông mang trong mình nỗi nhớ da diết về người bạn đời và luôn coi nhà mình là tất cả những gì vợ mình để lại. Khi bị tòa án quyết định đưa ông vào trại dưỡng lão, ông đã quyết định đưa cả căn nhà bay đến tháp Thiên Đường, một phần để thực hiện ước nguyện cuối cùng của hai vợ chồng, phần để ông không bao giờ rời xa những kỷ niệm giữa ông và vợ. </p><p>   Còn nhân vật Charles Muntz, sự ám ảnh lại đến từ cái tôi của chính ông, khi mà loài vật quý hiếm ông tìm thấy lại bị các nhà khoa học nói là giả. Và ông quyết định sẽ không trở về cho đến khi tìm được con vật Sự ám ảnh của ông có lẽ đã còn biến thành sự thù hận, ông sẵn sàng giết cả Carl và cậu bé Russel để bắt lại con chim dẽ giun. </p><p>Về sau, khi vô tình lật lại nhật ký của vợ, ông mới hiểu ra rằng thực ra vợ ông không mong muốn thêm một chuyến phiêu lưu nào nữa. Chuyến hành trình tuyệt vời nhất cuộc đời bà chính là cuộc hôn nhân hạnh phúc của hai vợ chồng. Và Carl sẽ tiếp tục sống đúng với lời nhắn của vợ ông: \'\'cảm ơn về cuộc hành trình tuyệt vời này, giờ anh hãy tham gia một cuộc hành trình mới đi nào\'\'. Để có thể làm vậy, điều đầu tiên mà ông làm, đó là bỏ hết đi những đồ đạc trong nhà, cũng như là dũng cảm bỏ đi hết những nỗi tiếc thương của mình để bắt đầu một hành trình mới. </p><p>Còn Charles Muntz, ông không bỏ đi cái tôi quá lớn của mình và vẫn tiếp tục quá trình bắt con chim dẽ giun về. Kết cục của ông như các bạn có thể thấy, đó là kẹt lại trong ngôi nhà của Carl và không còn cách nào để trở về </p><p>Đôi khi trong cuộc sống, chấp nhận hoàn cảnh và bỏ đi những nỗi niềm trong lòng chính là cách để chúng ta đi tiếp. Quá khứ có thể đau buồn, có thể không như ý muốn, nhưng cứ ôm chặt những nỗi đau trong quá khứ sẽ khiến chúng ta gây ra tổn thương cho chính mình và những người xung quanh. Quá khứ có thể là phần mở đầu, nhưng viết tiếp nên câu chuyện cuộc đời, là do quyết định của mỗi người. </p><h2>2) Soul (cuộc sống nhiệm màu):</h2><p>Soul kể về thầy dạy giáo dạy nhạc Joe Garner, ước mơ của anh là được đứng trên sân khấu để biểu diễn nhạc Jazz. Sau bao cố gắng, ước mơ của anh đã thành sự thật khi Dorothy William, một nhạc công có tiếng đã đồng ý cho anh chơi trong ban nhạc của mình. Quá vui mừng, Joe vừa đi vừa gọi điện thoại cho mọi người báo tin vui nhưng đã lỡ chân rơi xuống một hố ga, để rồi khi tỉnh dậy, anh thấy mình đang trên đường tới Great Beyond, một thực tại cho người đã mất. Bộ phim là hành trình của anh đưa linh hồn mình trở về với cơ thể, nhưng sau cùng, anh đã học được một bài học quý giá trong cuộc sống. </p><p>Có lẽ tất cả ý nghĩa của phim Soul đều gói gọn trong câu chuyện của Dorothy: </p><p>Con cá trẻ tìm đến con cá già và hỏi:</p><p>-tôi đang muốn tìm một thứ gọi là đại dương </p><p>-đại dương á, cậu đang ở trong nó đây còn gì - con cá già trả lời </p><p>- Đây á? đây là nước mà, thứ tôi muốn là đại dương - con cá trẻ nói</p><p>Sau tất cả, Joe nhận ra một buổi biểu diễn hoành tráng trên sân khấu là điều anh muốn, còn thứ anh thực sự cần, đó là tận hưởng những niềm vui nho nhỏ trong cuộc sống. Anh nhận ra cuộc sống không chỉ là theo đuổi một \'\'mục đích\'\'. Cuộc sống là khi anh sống trọn vẹn mỗi ngày, là những phút giây bên người thân yêu, là những khoảnh khắc mà anh chỉ coi là bình thường như là đi bộ, ngắm trời, đạp xe. Khi được trao một cơ hội nữa để sống, anh đã thay đổi hoàn toàn cách suy nghĩ của mình (đây là cuộc hội thoại cuối giữa anh và một jerry)</p><p>- vậy joe, từ giờ anh sẽ sống như thế nào ?</p><p>- tôi cũng không chắc nữa, nhưng tôi biết rằng, tôi sẽ tận hưởng từng phút của cuộc sống. </p><p>Hãy thưởng thức bộ phim để tự mình chiêm nghiệm xem bạn nên sống như thế nào nhé. </p><h2>3) inside out (những mảnh ghép cảm xúc):</h2><p>Trong phim inside out, hành động của mỗi người được chi phối bởi 5 cảm xúc chính (được nhân cách hóa) là: joy (niềm vui), Anger (Giận Dữ), Disgust (Chán Ghét), Fear (Sợ Hãi) và Sadness (Buồn Bã). Năm cảm xúc chính này sẽ ở trung tâm điều khiển của bộ não, và thay nhau điều khiển con người tương tác với mọi thứ xảy ra trong cuộc sống. Nhân vật chính của phim là cô bé Riley và những biến chuyển về cảm xúc của cô khi chuyển nhà đến một thành phố mới. Trong một sự cố cảm xúc Joy và Sadness của cô bé đã lạc khỏi trung tâm điều khiển và họ phải tìm đường trở về. Hành trình trở về trung tâm điều khiển của Joy và Sadness cũng chính là một bài học trong sự trưởng thành của Riley. Cuối cùng, Riley đã học được cách đối diện với nỗi buồn, cũng như cân bằng những cảm xúc của mình đối với mọi việc trong cuộc sống. </p><p>Có lẽ Riley cũng giống như tất cả chúng ta. Ở tuổi mới lớn, chúng ta thường sẽ né tránh những cảm xúc tiêu cực bằng cách làm xao nhãng nó bằng niềm vui. Nhưng khi nụ cười tắt, những cảm xúc tích cực đó sẽ lại ùa về, rồi ta lại tiếp tục trốn tránh nó. Dần dần, chúng ta phải học cách dũng cảm đối diện với nỗi buồn của mình và cân bằng cảm xúc đối với mọi sự kiện xảy ra trong cuộc sống. Càng trưởng thành chúng ta sẽ càng nhận ra, hãy tôn trọng và chấp nhận tất cả những cảm xúc của chính mình, có thế, ta mới có thể tiếp tục đứng dậy và bước tiếp trên đường đời. </p><h2>4) Rattatouille (chú chuột đầu bếp) </h2><p> Chú chuột Remy có ước mơ trở thành một đầu bếp </p><p>Không chỉ đơn giản như vậy, cũng giống như những người bình thường, trên con đường theo đuổi đam mê, Remy cũng trải qua một hành trình vô cùng khó khăn. Remy phải vượt qua định kiến của mọi người ở căn bếp Gusteau, định kiến của mọi người trong gia đình, chịu sự sỉ nhục, đánh đuổi của con người.</p><p>Một trong những đức tính nổi bật của Remy và được nhắc đến nhiều lần trong phim, đó là lòng dũng cảm. Ngay từ những phút mở đầu của phim, ta đã thấy Gusteau nói ở một buổi phóng vấn trên TV:\'\'tất cả mọi người đều có thể nấu ăn, nhưng chỉ có người dũng cảm, mới trở nên vĩ đại.</p><p> Thật vậy, khi mới đặt chân đến thế giới con người, Remy đã bị đánh đuổi đến 3 lần. Thậm chí khi gặp lại gia đình, bố cậu đã đưa cậu đến xem một cửa hàng bẫy chuột, nơi mà cậu đã chứng kiến đồng loại của mình bị treo lên như những chiến lợi phẩm, Remy vẫn tiếp tục đi theo niềm đam mê của mình. Cuối cùng, Remy đã đạt được những thành quả như ta đã thấy trong bộ phim.</p><p>Rattatoille đã cho ta thấy dù chúng ta có xuất thân như thế nào, dù chúng ta có lựa chọn là gì, vẫn sẽ luôn có những định kiến xung quanh hướng vào chúng ta. Điều mỗi người nên làm là dũng cảm đối mặt với mọi định kiến, hãy dám nghĩ, dám làm. Theo đuổi thành công, thành công sẽ theo đuổi bạn. Có lẽ một trong những câu nói ấn tượng đến từ nhân vật nhà phê bình ego đã nêu thông điệp của cả bộ phim: \"không phải ai cũng có thể trở thành nghệ sĩ giỏi, nhưng nghệ sĩ giỏi có thể đến từ bất kì đâu\'\'. </p><h2>5) Brave (công chúa tóc xù) và gấu đỏ biến hình (turning red) </h2><p>Hai câu chuyện với hai bối cảnh khác nhau, ở hai thời đại khác nhau nhưng đều chung một chủ đề, đó là sự sắp đặt của cha mẹ. </p><p>Hai nhân vật chính trong Brave và Turning Red lần lượt là công chúa Mereda và cô gái tuổi teen Meilin. Cả hai đều là những cô gái có cá tính riêng và đang trong độ tuổi muốn có được nhiều trải nghiệm hơn để khám phá thế giới và chính bản thân mình. Nhưng cả hai lại vô tình chịu sự kìm kẹp quá nhiều đến từ người thân trong gia đình, cụ thể trong cả 2 bộ phim là nhân vật mẹ. Thực chất hai người mẹ của Mereda và Meilin đều không có ý đồ xấu, họ chỉ đang làm những gì mà họ nghĩ là tốt nhất cho con. </p><p>Mất kết nối giữa các thành viên trong gia đình là một vấn đề đã tồn tại từ lâu trong xã hội. Con cái cũng là những cá thể riêng biệt, có tính cách, sở thích và tư duy riêng, vậy nên không phải lúc nào sự sắp đặt của cha mẹ cũng là đúng đắn cho chúng. Cách giải quyết hữu hiệu nhất, như ta đã thấy từ hai bộ phim, đó là các thành viên trong gia đình hãy mở lòng để lắng nghe và chấp nhận con người của nhau, từ đó tìm ra tiếng nói chung để giải quyết những mâu thuẫn.  </p>', '2022-12-04 07:33:45', '2022-12-04 07:33:45', 16, 11, NULL);

-- --------------------------------------------------------

--
-- Table structure for table `role`
--

DROP TABLE IF EXISTS `role`;
CREATE TABLE IF NOT EXISTS `role` (
  `id` int(11) NOT NULL AUTO_INCREMENT,
  `url` varchar(255) DEFAULT NULL,
  `desc` varchar(255) DEFAULT NULL,
  `createdAt` datetime NOT NULL DEFAULT CURRENT_TIMESTAMP,
  `updatedAt` datetime NOT NULL DEFAULT CURRENT_TIMESTAMP ON UPDATE CURRENT_TIMESTAMP,
  PRIMARY KEY (`id`)
) ENGINE=InnoDB AUTO_INCREMENT=34 DEFAULT CHARSET=utf8;

--
-- Dumping data for table `role`
--

INSERT INTO `role` (`id`, `url`, `desc`, `createdAt`, `updatedAt`) VALUES
(1, '/user/read', 'Read all user', '2022-11-18 15:23:57', '2022-11-25 21:35:56'),
(2, '/user/update', 'Edit user', '2022-11-18 15:23:57', '2022-11-25 21:35:59'),
(3, '/user/delete', 'Delete user', '2022-11-18 15:24:21', '2022-11-25 21:36:01'),
(4, '/user/create', 'Create a new user', '2022-11-23 23:18:49', '2022-11-23 23:18:49'),
(5, '/group/read', 'Read all group\r\n', '2022-11-23 23:40:59', '2022-11-23 23:40:59'),
(6, '/role/read', 'Read table role', '2022-11-25 07:45:58', '2022-11-25 14:47:48'),
(7, '/role/create', 'Create new role', '2022-11-25 07:45:58', '2022-11-25 14:47:55'),
(8, '/role/update', 'Update role', '2022-11-25 10:46:45', '2022-11-25 22:34:20'),
(9, '/role/delete', 'Delete role', '2022-11-25 07:45:58', '2022-11-25 14:48:00'),
(10, '/role/assign-to-group', 'Assign role to group', '2022-11-26 10:04:12', '2022-11-26 17:04:53'),
(11, '/role/by-group', 'Read role of group', '2022-11-26 10:04:12', '2022-11-26 17:12:18'),
(12, '/group/create', 'Create new group', '2022-12-02 04:10:42', '2022-12-02 04:10:42'),
(13, '/category/read', 'Read list category', '2022-12-02 04:10:42', '2022-12-02 04:10:42'),
(14, '/category/create', 'Create new category', '2022-12-02 04:15:05', '2022-12-02 04:15:05'),
(27, '/post/read', 'Read list post', '2022-12-02 04:30:32', '2022-12-02 04:30:32'),
(29, '/post/create', 'Create new post', '2022-12-02 04:31:38', '2022-12-02 04:31:38'),
(30, '/post/update', 'Update post', '2022-12-02 04:31:38', '2022-12-02 04:31:38'),
(33, '/category/delete', 'Delete category', '2022-12-04 07:15:32', '2022-12-04 07:15:32');

-- --------------------------------------------------------

--
-- Table structure for table `sequelizemeta`
--

DROP TABLE IF EXISTS `sequelizemeta`;
CREATE TABLE IF NOT EXISTS `sequelizemeta` (
  `name` varchar(255) COLLATE utf8_unicode_ci NOT NULL,
  PRIMARY KEY (`name`),
  UNIQUE KEY `name` (`name`)
) ENGINE=InnoDB DEFAULT CHARSET=utf8 COLLATE=utf8_unicode_ci;

--
-- Dumping data for table `sequelizemeta`
--

INSERT INTO `sequelizemeta` (`name`) VALUES
('20221117031843-create-user.js'),
('migration-category.js'),
('migration-group.js'),
('migration-groupRole.js');

-- --------------------------------------------------------

--
-- Table structure for table `user`
--

DROP TABLE IF EXISTS `user`;
CREATE TABLE IF NOT EXISTS `user` (
  `id` int(11) NOT NULL AUTO_INCREMENT,
  `email` varchar(255) DEFAULT NULL,
  `password` varchar(255) DEFAULT NULL,
  `username` varchar(255) DEFAULT NULL,
  `address` varchar(255) DEFAULT NULL,
  `sex` varchar(255) DEFAULT NULL,
  `phone` varchar(255) DEFAULT NULL,
  `groupID` int(11) DEFAULT NULL,
  `createdAt` datetime NOT NULL DEFAULT CURRENT_TIMESTAMP,
  `updatedAt` datetime NOT NULL DEFAULT CURRENT_TIMESTAMP ON UPDATE CURRENT_TIMESTAMP,
  PRIMARY KEY (`id`),
  KEY `groupID` (`groupID`)
) ENGINE=InnoDB AUTO_INCREMENT=54 DEFAULT CHARSET=utf8;

--
-- Dumping data for table `user`
--

INSERT INTO `user` (`id`, `email`, `password`, `username`, `address`, `sex`, `phone`, `groupID`, `createdAt`, `updatedAt`) VALUES
(9, 'danglinh@gmail.com', '$2a$10$Zb/LaQAebstCIfLcqKeViedt89lJtwYrirdQugzsL5XMHuy/NtVPe', 'danglinh11311', '2 duong so 2', 'Female', '0969552199', 1, '2022-11-20 13:33:04', '2022-11-23 16:13:29'),
(16, 'dangthanhnhatlinh@gmail.com', '$2a$10$hsa51EGym2KGonBTbrQFPefBoYNGqduuE.kE3j65Keda/8pvcRyQy', 'dang linh', '271', 'Female', '0969552196', 1, '2022-11-21 05:12:46', '2022-11-22 14:58:47'),
(21, 'tieuhy@gmail.com', '$2a$10$b3GtEiYdsDRYXwFeX1duXuptQsDyx3Y7QwSQ4qAIcz4SSDzLKqtuO', 'tieu-hy', '271', 'Female', '096955219712', 3, '2022-11-21 10:15:05', '2022-11-26 08:47:48'),
(35, 'dh51903876@student.stu.edu.vn', '$2a$10$RHvHywCPPpjf/73ogsfccexNgcCucRkKP2UIc2XChJE5yBkujuI76', 'nguyenvu', '123', 'Female', '0969552196123123', 2, '2022-11-21 15:56:04', '2022-11-22 21:16:12'),
(37, 'tuan@gmail.com', '$2a$10$cqEd7/Vl4RLyVvT514MmT.CQdxlbc9bDNmDIPj6ArI1pKVJDTcGOC', 'tuan', 'tempora magni corporis aspe', 'Male', '123', 3, '2022-11-21 16:02:55', '2022-11-21 16:02:55'),
(38, 'leader@gmail.co', '$2a$10$cqEd7/Vl4RLyVvT514MmT.oLK94P5k8TZXY6xnU8ZuD6J5mqTeWvm', 'nguyenvu', 'tempora magni corporis aspe', 'Male', '012345678', 2, '2022-11-21 16:31:22', '2022-11-21 16:31:22'),
(40, 'linh1@gmail.com', '$2a$10$9SGWX3m6lHz5Imw9vxTqheLycjGbimWdy7xUagX.sT0gotQzCvFhC', 'linhne', 'tempora magni corporis aspe', 'Male', '0969552196111', 1, '2022-11-22 07:00:41', '2022-11-22 07:00:41'),
(41, 'c@gmail.com', '$2a$10$eyu.Eep5u.EvwXtu3eXPneBR3DbUmxMEuqR6qIkX63qOYxLaP19Ea', 'dty', 'tempora magni corporis aspe', 'Female', '0912312312311', 2, '2022-11-22 14:24:11', '2022-11-22 14:24:11'),
(42, 'tieuhy1111@gmail.com', '$2a$10$Vq3ioe3tTNSh1x4UTu8WWeR51r8Rm4R6fFRbYoD/hDJEdw2UwhSKe', 'hy12123', 'tempora magni corporis aspe', 'Female', '123123123123123', 2, '2022-11-22 14:31:07', '2022-11-22 14:31:07'),
(50, 'guest@gmail.com', '$2a$10$c2pf8AcAuCBB7RlMahtQh.nLA.WQwX0vW8xiJ3nOXgiJheB1.eBom', 'guest', 'tempora magni corporis aspe', 'Female', '0912312378979', 4, '2022-11-26 10:19:01', '2022-11-26 10:19:01'),
(52, 'dtnlinh@gmail.com', '$2a$10$2u6DBMJYEXvaLxE5BwGJZOMi3.ov2LuCvQvhSsrtVmxYnfYY2MR0K', 'danglinh1234', 'tempora magni corporis aspe', 'Male', '090909123123', 6, '2022-12-03 13:16:23', '2022-12-03 13:16:23'),
(53, 'writer@gmail.com', '$2a$10$2u6DBMJYEXvaLxE5BwGJZOMi3.ov2LuCvQvhSsrtVmxYnfYY2MR0K', 'writer', 'tempora magni corporis aspe', 'Female', '01234567899', 6, '2022-12-03 13:21:45', '2022-12-03 13:21:45');

--
-- Constraints for dumped tables
--

--
-- Constraints for table `group_role`
--
ALTER TABLE `group_role`
  ADD CONSTRAINT `group_role_ibfk_1` FOREIGN KEY (`groupID`) REFERENCES `group` (`id`),
  ADD CONSTRAINT `group_role_ibfk_2` FOREIGN KEY (`roleID`) REFERENCES `role` (`id`);

--
-- Constraints for table `post`
--
ALTER TABLE `post`
  ADD CONSTRAINT `post_ibfk_1` FOREIGN KEY (`categoryID`) REFERENCES `category` (`id`),
  ADD CONSTRAINT `post_ibfk_2` FOREIGN KEY (`userID`) REFERENCES `user` (`id`);

--
-- Constraints for table `user`
--
ALTER TABLE `user`
  ADD CONSTRAINT `user_ibfk_1` FOREIGN KEY (`groupID`) REFERENCES `group` (`id`);
COMMIT;

/*!40101 SET CHARACTER_SET_CLIENT=@OLD_CHARACTER_SET_CLIENT */;
/*!40101 SET CHARACTER_SET_RESULTS=@OLD_CHARACTER_SET_RESULTS */;
/*!40101 SET COLLATION_CONNECTION=@OLD_COLLATION_CONNECTION */;
